ticker,cik,name,stage,reason
ABT,1800,ABBOTT LABORATORIES,filter1,growth 8% <= 20%
ACU,2098,ACME UNITED CORP,filter1,growth 16% <= 20%
BKTI,2186,BK Technologies Corp,filter1,growth 11% <= 20%
APD,2969,"Air Products & Chemicals, Inc.",filter1,growth 5% <= 20%
CECO,3197,CECO ENVIRONMENTAL CORP,filter1,gross margin falling (-2.3%)
MATX,3453,"Matson, Inc.",filter1,growth 17% <= 20%
ALX,3499,ALEXANDERS INC,filter1,growth 6% <= 20%
ALCO,3545,"ALICO, INC.",filter1,growth 8% <= 20%
LNG,3570,"Cheniere Energy, Inc.",filter1,gross margin falling (+31.7%)
SWKS,4127,"SKYWORKS SOLUTIONS, INC.",filter1,growth -3% <= 20%
UHAL,4457,U-Haul Holding Co /NV/,filter1,growth 3% <= 20%
AEP,4904,AMERICAN ELECTRIC POWER CO INC,filter1,growth 7% <= 20%
AXP,4962,AMERICAN EXPRESS CO,filter1,growth 10% <= 20%
AFL,4977,AFLAC INC,filter1,growth -1% <= 20%
AIG,5272,"AMERICAN INTERNATIONAL GROUP, INC.",filter1,growth -0% <= 20%
UNM,5513,Unum Group,filter1,growth 0% <= 20%
AVD,5981,AMERICAN VANGUARD CORP,filter1,growth -10% <= 20%
AP,6176,AMPCO PITTSBURGH CORP,filter1,growth -9% <= 20%
AAL,6201,American Airlines Group Inc.,filter1,growth 16% <= 20%
AXR,6207,AMREP CORP.,filter1,growth -66% <= 20%
APOG,6845,"APOGEE ENTERPRISES, INC.",filter1,growth -1% <= 20%
EPAC,6955,ENERPAC TOOL GROUP CORP,filter1,growth 6% <= 20%
ADM,7084,Archer-Daniels-Midland Co,filter1,growth 7% <= 20%
EAI,7323,"ENTERGY ARKANSAS, LLC",filter1,growth 6% <= 20%
AWI,7431,ARMSTRONG WORLD INDUSTRIES INC,filter1,growth 11% <= 20%
ARTW,7623,ARTS WAY MANUFACTURING CO INC,filter1,gross margin falling (-1.6%)
ASB,7789,ASSOCIATED BANC-CORP,filter1,stale fundamentals
AAME,8177,ATLANTIC AMERICAN CORP,filter1,stale fundamentals
UAVS,8504,AgEagle Aerial Systems Inc.,filter1,growth -36% <= 20%
ADP,8670,AUTOMATIC DATA PROCESSING INC,filter1,growth 7% <= 20%
AVY,8818,Avery Dennison Corp,filter1,growth 11% <= 20%
AZZ,8947,AZZ INC,filter1,growth 6% <= 20%
BMI,9092,BADGER METER INC,filter1,growth -7% <= 20%
BCPC,9326,BALCHEM CORP,filter1,growth 11% <= 20%
BALL,9389,BALL Corp,filter1,growth 20% <= 20%
BRN,10048,BARNWELL INDUSTRIES INC,filter1,growth 6% <= 20%
BSET,10329,BASSETT FURNITURE INDUSTRIES INC,filter1,growth -1% <= 20%
BAX,10456,BAXTER INTERNATIONAL INC,filter1,growth 5% <= 20%
BDX,10795,BECTON DICKINSON & CO,filter1,growth 5% <= 20%
WRB,11544,BERKLEY W R CORP,filter1,growth 1% <= 20%
BDL,12040,FLANIGANS ENTERPRISES INC,filter1,growth 8% <= 20%
BIO,12208,"BIO-RAD LABORATORIES, INC.",filter1,growth -0% <= 20%
DOMH,12239,Dominari Holdings Inc.,filter1,growth -57% <= 20%
HRB,12659,H&R BLOCK INC,filter1,growth 3% <= 20%
BA,12927,BOEING CO,filter1,growth 8% <= 20%
BRID,14177,BRIDGFORD FOODS CORP,filter1,growth -10% <= 20%
BMY,14272,BRISTOL MYERS SQUIBB CO,filter1,growth 6% <= 20%
BF-B,14693,BROWN FORMAN CORP,filter1,growth -1% <= 20%
CAL,14707,CALERES INC,filter1,growth 6% <= 20%
BRT,14846,BRT Apartments Corp.,filter1,growth 1% <= 20%
BC,14930,BRUNSWICK CORP,filter1,growth 8% <= 20%
MTZ,15615,MASTEC INC,filter1,not accelerating (0/1 qtrs)
CBT,16040,CABOT CORP,filter1,growth 6% <= 20%
CACI,16058,CACI INTERNATIONAL INC /DE/,filter1,growth 18% <= 20%
CALM,16160,CAL-MAINE FOODS INC,filter1,growth -50% <= 20%
CPB,16732,CAMPBELL'S Co,filter1,growth -8% <= 20%
STZ,16918,"CONSTELLATION BRANDS, INC.",filter1,growth -3% <= 20%
CSWC,17313,CAPITAL SOUTHWEST CORP,filter1,stale fundamentals
CRS,17843,CARPENTER TECHNOLOGY CORP,filter1,growth 13% <= 20%
CATO,18255,CATO CORP,filter1,growth -6% <= 20%
GCO,18498,GENESCO INC,filter1,growth -3% <= 20%
LUMN,18926,"Lumen Technologies, Inc.",filter1,growth -9% <= 20%
CHE,19584,CHEMED CORP,filter1,growth 9% <= 20%
JPM,19617,JPMORGAN CHASE & CO,filter1,gross margin unavailable
CPK,19745,CHESAPEAKE UTILITIES CORP,filter1,growth 5% <= 20%
CVR,19871,CHICAGO RIVET & MACHINE CO,filter1,growth -1% <= 20%
CHDN,20212,Churchill Downs Inc,filter1,growth 5% <= 20%
CINF,20286,CINCINNATI FINANCIAL CORP,filter1,gross margin unavailable
CLX,21076,CLOROX CO /DE/,filter1,growth 0% <= 20%
CNA,21175,CNA FINANCIAL CORP,filter1,growth 3% <= 20%
KO,21344,COCA COLA CO,filter1,growth 12% <= 20%
CL,21665,COLGATE PALMOLIVE CO,filter1,growth 5% <= 20%
CBSH,22356,COMMERCE BANCSHARES INC /MO/,filter1,no YoY growth
SUNE,22701,"SUNation Energy, Inc.",filter1,growth -38% <= 20%
CRK,23194,COMSTOCK RESOURCES INC,filter1,growth -25% <= 20%
CMTL,23197,COMTECH TELECOMMUNICATIONS CORP /DE/,filter1,growth -16% <= 20%
CAG,23217,CONAGRA BRANDS INC.,filter1,growth 4% <= 20%
CTO,23795,"CTO Realty Growth, Inc.",filter1,growth 15% <= 20%
CIA,24090,"CITIZENS, INC.",filter1,growth -7% <= 20%
TAP,24545,MOLSON COORS BEVERAGE CO,filter1,growth -4% <= 20%
GLW,24741,CORNING INC /NY,filter1,growth 17% <= 20%
CUZ,25232,COUSINS PROPERTIES INC,filter1,growth 12% <= 20%
CXT,25445,"Crane NXT, Co.",filter1,gross margin falling (-1.0%)
CRD-A,25475,CRAWFORD & CO,filter1,growth -1% <= 20%
TXMD,25743,"TherapeuticsMD, Inc.",filter1,growth -9% <= 20%
CRWS,25895,CROWN CRAFTS INC,filter1,growth 8% <= 20%
CTS,26058,CTS CORP,filter1,growth 11% <= 20%
CMI,26172,CUMMINS INC,filter1,growth 9% <= 20%
CW,26324,CURTISS WRIGHT CORP,filter1,growth 5% <= 20%
DAN,26780,DANA Inc,filter1,growth 4% <= 20%
USAU,27093,U.S. GOLD CORP.,filter1,stale fundamentals
DXR,27367,DAXOR CORP,filter1,stale fundamentals
TGT,27419,TARGET CORP,filter1,growth 5% <= 20%
DAL,27904,"DELTA AIR LINES, INC.",filter1,growth 19% <= 20%
DLX,27996,DELUXE CORP,filter1,growth -4% <= 20%
DBD,28823,"DIEBOLD NIXDORF, Inc",filter1,growth 2% <= 20%
DDS,28917,"DILLARD'S, INC.",filter1,growth -0% <= 20%
DG,29534,DOLLAR GENERAL CORP,filter1,growth 5% <= 20%
DCI,29644,DONALDSON Co INC,filter1,growth 8% <= 20%
DOV,29905,DOVER Corp,filter1,growth 7% <= 20%
OMC,29989,OMNICOM GROUP INC.,filter1,gross margin falling (-0.0%)
DCO,30305,DUCOMMUN INC /DE/,filter1,growth 12% <= 20%
CTA-PB,30554,"EIDP, Inc.",filter1,stale fundamentals
FLS,30625,FLOWSERVE CORP,filter1,growth -2% <= 20%
WEN,30697,Wendy's Co,filter1,growth 2% <= 20%
EML,31107,EASTERN CO,filter1,growth -12% <= 20%
KODK,31235,EASTMAN KODAK CO,filter1,growth 18% <= 20%
ECL,31462,ECOLAB INC.,filter1,growth 10% <= 20%
EDUC,31667,EDUCATIONAL DEVELOPMENT CORP,filter1,growth -33% <= 20%
RVTY,31791,"REVVITY, INC.",filter1,growth 1% <= 20%
EMR,32604,EMERSON ELECTRIC CO,filter1,growth 7% <= 20%
MSN,32621,EMERSON RADIO CORP,filter1,growth -37% <= 20%
EBF,33002,"ENNIS, INC.",filter1,growth 1% <= 20%
EFX,33185,EQUIFAX INC,filter1,growth 11% <= 20%
EQT,33213,EQT Corp,filter1,growth -29% <= 20%
ESCA,33488,ESCALADE INC,filter1,growth 6% <= 20%
ESP,33533,ESPEY MFG & ELECTRONICS CORP,filter1,gross margin falling (-1.0%)
KINS,33992,"KINGSTONE COMPANIES, INC.",filter1,not accelerating (0/1 qtrs)
BOOM,34067,DMC Global Inc.,filter1,growth 1% <= 20%
FRT,34903,FEDERAL REALTY INVESTMENT TRUST,filter1,growth 10% <= 20%
TENX,34956,"TENAX THERAPEUTICS, INC.",filter1,no YoY growth
FITB,35527,FIFTH THIRD BANCORP,filter1,stale fundamentals
USB,36104,US BANCORP DE,filter1,growth 10% <= 20%
MTB,36270,M&T BANK CORP,filter1,growth 6% <= 20%
FHB,36377,"FIRST HAWAIIAN, INC.",filter1,growth 6% <= 20%
FHN,36966,FIRST HORIZON CORP,filter1,growth 7% <= 20%
FLXS,37472,FLEXSTEEL INDUSTRIES INC,filter1,growth 1% <= 20%
FMC,37785,FMC CORP,filter1,growth -17% <= 20%
F,37996,FORD MOTOR CO,filter1,growth 6% <= 20%
FWDI,38264,"Forward Industries, Inc.",filter1,gross margin falling (+1.0%)
FELE,38725,FRANKLIN ELECTRIC CO INC,filter1,growth 10% <= 20%
BEN,38777,FRANKLIN TEMPLETON INC,filter1,growth 14% <= 20%
FEIM,39020,FREQUENCY ELECTRONICS INC,filter1,gross margin falling (+7.7%)
FRD,39092,FRIEDMAN INDUSTRIES INC,filter1,not accelerating (0/1 qtrs)
CFR,39263,"CULLEN/FROST BANKERS, INC.",filter1,growth 5% <= 20%
IBCP,39311,INDEPENDENT BANK CORP /MI/,filter1,growth 4% <= 20%
FUL,39368,FULLER H B CO,filter1,growth 5% <= 20%
GAP,39911,GAP INC,filter1,growth -2% <= 20%
GATX,40211,GATX CORP,filter1,gross margin unavailable
GD,40533,GENERAL DYNAMICS CORP,filter1,growth 10% <= 20%
GE,40545,GENERAL ELECTRIC CO,filter1,not accelerating (0/1 qtrs)
JOB,40570,GEE Group Inc.,filter1,growth -15% <= 20%
GIS,40704,GENERAL MILLS INC,filter1,growth -3% <= 20%
ALLY,40729,Ally Financial Inc.,filter1,growth 10% <= 20%
GPC,40987,GENUINE PARTS CO,filter1,growth 6% <= 20%
MAGN,41719,Magnera Corp,filter1,growth 2% <= 20%
GT,42582,GOODYEAR TIRE & RUBBER CO /OH/,filter1,growth -5% <= 20%
GRC,42682,GORMAN RUPP CO,filter1,growth 4% <= 20%
GGG,42888,GRACO INC,filter1,growth 3% <= 20%
GTN,43196,"GRAY MEDIA, INC",filter1,growth 9% <= 20%
GEF,43920,"GREIF, INC",filter1,growth -1% <= 20%
HAL,45012,HALLIBURTON CO,filter1,growth 4% <= 20%
HHS,45919,HARTE HANKS INC,filter1,growth -2% <= 20%
HAS,46080,"HASBRO, INC.",filter1,growth 14% <= 20%
ALNT,46129,ALLIENT INC,filter1,growth 10% <= 20%
HWKN,46250,HAWKINS INC,filter1,growth 8% <= 20%
HP,46765,"Helmerich & Payne, Inc.",filter1,growth -1% <= 20%
HSY,47111,HERSHEY CO,filter1,growth 7% <= 20%
HPQ,47217,HP INC,filter1,growth 13% <= 20%
HRL,48465,HORMEL FOODS CORP /DE/,filter1,growth -2% <= 20%
HUBB,48898,HUBBELL INC,filter1,growth 11% <= 20%
HUM,49071,HUMANA INC,filter1,gross margin unavailable
HBAN,49196,HUNTINGTON BANCSHARES INC /MD/,filter1,gross margin unavailable
EGP,49600,EASTGROUP PROPERTIES INC,filter1,growth 9% <= 20%
DIN,49754,"Dine Brands Global, Inc.",filter1,growth 4% <= 20%
ITW,49826,ILLINOIS TOOL WORKS INC,filter1,growth 6% <= 20%
TRAK,50471,"ReposiTrak, Inc.",filter1,growth -3% <= 20%
IMKTA,50493,INGLES MARKETS INC,filter1,growth 2% <= 20%
GFF,50725,GRIFFON CORP,filter1,growth 7% <= 20%
IBM,51143,INTERNATIONAL BUSINESS MACHINES CORP,filter1,growth 1% <= 20%
IFF,51253,INTERNATIONAL FLAVORS & FRAGRANCES INC,filter1,growth 2% <= 20%
IP,51434,INTERNATIONAL PAPER CO /NEW/,filter1,growth -2% <= 20%
RYN,52827,RAYONIER INC,filter1,gross margin falling (-12.9%)
J,52988,JACOBS SOLUTIONS INC.,filter1,gross margin falling (-4.4%)
MAYS,54187,MAYS J W INC,filter1,growth -6% <= 20%
KELYA,55135,KELLY SERVICES INC,filter1,growth -6% <= 20%
KEQU,55529,KEWAUNEE SCIENTIFIC CORP /DE/,filter1,growth -7% <= 20%
KMB,55785,KIMBERLY CLARK CORP,filter1,growth 1% <= 20%
KEX,56047,KIRBY CORP,filter1,growth 8% <= 20%
KFY,56679,KORN FERRY,filter1,growth 7% <= 20%
KOSS,56701,KOSS CORP,filter1,growth 6% <= 20%
PNRG,56868,PRIMEENERGY RESOURCES CORP,filter1,growth 1% <= 20%
KR,56873,KROGER CO,filter1,growth 2% <= 20%
LZB,57131,LA-Z-BOY INC,filter1,growth -3% <= 20%
MZTI,57515,MARZETTI CO,filter1,growth -2% <= 20%
LEE,58361,"LEE ENTERPRISES, Inc",filter1,growth -11% <= 20%
VHI,59255,VALHI INC /DE/,filter1,growth 12% <= 20%
LLY,59478,ELI LILLY & Co,filter1,not accelerating (0/1 qtrs)
LECO,59527,LINCOLN ELECTRIC HOLDINGS INC,filter1,growth 12% <= 20%
LNC,59558,LINCOLN NATIONAL CORP,filter1,growth 12% <= 20%
L,60086,LOEWS CORP,filter1,growth 4% <= 20%
LPX,60519,LOUISIANA-PACIFIC CORP,filter1,growth -12% <= 20%
LOW,60667,LOWES COMPANIES INC,filter1,growth 8% <= 20%
LXU,60714,"LSB INDUSTRIES, INC.",filter1,growth 11% <= 20%
LGL,61004,LGL GROUP INC,filter1,gross margin unavailable
MTW,61986,MANITOWOC CO INC,filter1,growth 10% <= 20%
MCS,62234,MARCUS CORP,filter1,growth 12% <= 20%
MRSH,62709,"MARSH & MCLENNAN COMPANIES, INC.",filter1,growth 6% <= 20%
MAS,62996,MASCO CORP /DE/,filter1,growth 6% <= 20%
MAT,63276,MATTEL INC /DE/,filter1,growth 10% <= 20%
MATW,63296,MATTHEWS INTERNATIONAL CORP,filter1,growth -30% <= 20%
MLP,63330,MAUI LAND & PINEAPPLE CO INC,filter1,growth -20% <= 20%
MKC,63754,MCCORMICK & CO INC,filter1,growth 17% <= 20%
MCD,63908,MCDONALDS CORP,filter1,growth 4% <= 20%
SPGI,64040,S&P Global Inc.,filter1,growth 10% <= 20%
SLNH,64463,"Soluna Holdings, Inc",filter1,not accelerating (0/1 qtrs)
CVS,64803,CVS HEALTH Corp,filter1,growth 7% <= 20%
MCY,64996,MERCURY GENERAL CORP,filter1,growth 14% <= 20%
MSB,65172,MESABI TRUST,filter1,growth -56% <= 20%
MEI,65270,METHODE ELECTRONICS INC,filter1,growth 10% <= 20%
EVI,65312,"EVI INDUSTRIES, INC.",filter1,growth 11% <= 20%
SIEB,65596,SIEBERT FINANCIAL CORP,filter1,gross margin unavailable
ETR,65984,ENTERGY CORP /DE/,filter1,growth 12% <= 20%
MSEX,66004,MIDDLESEX WATER CO,filter1,growth 14% <= 20%
MLKN,66382,"MILLERKNOLL, INC.",filter1,growth -3% <= 20%
MXC,66418,MEXCO ENERGY CORP,filter1,growth 13% <= 20%
MSA,66570,MSA Safety Inc,filter1,growth 6% <= 20%
MMM,66740,3M CO,filter1,growth 2% <= 20%
MOD,67347,MODINE MANUFACTURING CO,filter1,not accelerating (0/1 qtrs)
MDU,67716,MDU RESOURCES GROUP INC,filter1,growth 7% <= 20%
MOG-A,67887,MOOG INC.,filter1,growth 15% <= 20%
MSI,68505,"Motorola Solutions, Inc.",filter1,growth 13% <= 20%
CTGG,68622,QWEST CORP,filter1,growth -14% <= 20%
INTG,69422,INTERGROUP CORP,filter1,growth 13% <= 20%
MYE,69488,MYERS INDUSTRIES INC,filter1,growth 10% <= 20%
NSSC,69633,"NAPCO SECURITY TECHNOLOGIES, INC",filter1,growth 10% <= 20%
NATH,69733,"NATHANS FAMOUS, INC.",filter1,growth 15% <= 20%
FIZZ,69891,NATIONAL BEVERAGE CORP,filter1,growth 0% <= 20%
NFG,70145,NATIONAL FUEL GAS CO,filter1,growth 1% <= 20%
THC,70318,TENET HEALTHCARE CORP,filter1,growth 7% <= 20%
NRC,70487,NRC HEALTH,filter1,growth 4% <= 20%
BAC,70858,BANK OF AMERICA CORP /DE/,filter1,growth 15% <= 20%
VYX,70866,NCR Voyix Corp,filter1,growth -21% <= 20%
NYT,71691,NEW YORK TIMES CO,filter1,growth 11% <= 20%
NPKI,71829,NPK International Inc.,filter1,growth 20% <= 20%
NL,72162,"NLI HOLDINGS, INC.",filter1,growth 8% <= 20%
NDSN,72331,NORDSON CORP,filter1,growth 10% <= 20%
MOV,72573,MOVADO GROUP INC,filter1,growth 5% <= 20%
NRT,72633,NORTH EUROPEAN OIL ROYALTY TRUST,filter1,growth 1% <= 20%
ES,72741,EVERSOURCE ENERGY,filter1,growth 5% <= 20%
XEL,72903,XCEL ENERGY INC,filter1,stale fundamentals
WFC,72971,WELLS FARGO & COMPANY/MN,filter1,growth 9% <= 20%
NTRS,73124,NORTHERN TRUST CORP,filter1,gross margin unavailable
BMRA,73290,BIOMERICA INC,filter1,growth 17% <= 20%
OII,73756,OCEANEERING INTERNATIONAL INC,filter1,growth 10% <= 20%
ODC,74046,Oil-Dri Corp of America,filter1,growth 9% <= 20%
UDR,74208,"UDR, Inc.",filter1,growth 1% <= 20%
ORI,74260,OLD REPUBLIC INTERNATIONAL CORP,filter1,growth 13% <= 20%
OLN,74303,OLIN Corp,filter1,growth -1% <= 20%
ACH,75252,ACCENDRA HEALTH INC/VA/,filter1,growth -10% <= 20%
OXM,75288,OXFORD INDUSTRIES INC,filter1,growth -2% <= 20%
PCAR,75362,PACCAR INC,filter1,growth 0% <= 20%
PKG,75677,PACKAGING CORP OF AMERICA,filter1,growth 15% <= 20%
PKE,76267,PARK AEROSPACE CORP,filter1,growth 19% <= 20%
PKOH,76282,PARK OHIO HOLDINGS CORP,filter1,growth 10% <= 20%
PH,76334,Parker-Hannifin Corp,filter1,growth 10% <= 20%
PATK,76605,PATRICK INDUSTRIES INC,filter1,growth -1% <= 20%
PNR,77360,PENTAIR plc,filter1,growth 3% <= 20%
PEP,77476,PEPSICO INC,filter1,growth 6% <= 20%
TPC,77543,TUTOR PERINI CORP,filter1,growth 19% <= 20%
PFE,78003,PFIZER INC,filter1,growth 3% <= 20%
WTRG,78128,"Essential Utilities, Inc.",filter1,growth 3% <= 20%
PVH,78239,PVH CORP. /DE/,filter1,growth -3% <= 20%
AGYS,78749,AGILYSYS INC,filter1,growth 14% <= 20%
PBI,78814,PITNEY BOWES INC /DE/,filter1,growth -2% <= 20%
BCO,78890,BRINKS CO,filter1,growth 7% <= 20%
BRO,79282,"BROWN & BROWN, INC.",filter1,not accelerating (0/1 qtrs)
PPG,79879,PPG INDUSTRIES INC,filter1,growth 7% <= 20%
POWL,80420,POWELL INDUSTRIES INC,filter1,growth 9% <= 20%
PG,80424,PROCTER & GAMBLE Co,filter1,growth 2% <= 20%
PGR,80661,PROGRESSIVE CORP/OH/,filter1,growth 7% <= 20%
KWR,81362,QUAKER CHEMICAL CORP,filter1,growth 10% <= 20%
USLM,82020,UNITED STATES LIME & MINERALS INC,filter1,growth 8% <= 20%
IHT,82473,INNSUITES HOSPITALITY TRUST,filter1,growth 2% <= 20%
RRX,82811,REGAL REXNORD CORP,filter1,growth 4% <= 20%
RLI,84246,RLI CORP,filter1,growth 15% <= 20%
ROG,84748,ROGERS CORP,filter1,growth 5% <= 20%
ROL,84839,ROLLINS INC,filter1,growth 8% <= 20%
RGLD,85535,ROYAL GOLD INC,filter1,gross margin falling (-9.0%)
R,85961,RYDER SYSTEM INC,filter1,growth 5% <= 20%
TRV,86312,"TRAVELERS COMPANIES, INC.",filter1,growth 0% <= 20%
NEON,87050,Neonode Inc.,filter1,growth -20% <= 20%
SLB,87347,SLB LIMITED/NV,filter1,growth 5% <= 20%
SEB,88121,SEABOARD CORP /DE/,filter1,growth 18% <= 20%
SMTC,88941,SEMTECH CORP,filter1,growth 16% <= 20%
SENEA,88948,Seneca Foods Corp,filter1,not accelerating (0/1 qtrs)
SCI,89089,SERVICE CORP INTERNATIONAL,filter1,growth 4% <= 20%
MLI,89439,MUELLER INDUSTRIES INC,filter1,gross margin falling (-3.8%)
SHW,89800,SHERWIN WILLIAMS CO,filter1,growth 8% <= 20%
SIF,90168,SIFCO INDUSTRIES INC,filter1,growth 18% <= 20%
SKY,90896,"Champion Homes, Inc.",filter1,growth 1% <= 20%
AOS,91142,SMITH A O CORP,filter1,growth -1% <= 20%
SFD,91388,SMITHFIELD FOODS INC,filter1,growth -2% <= 20%
SJM,91419,J M SMUCKER Co,filter1,growth 5% <= 20%
SNA,91440,Snap-on Inc,filter1,growth 4% <= 20%
KEY,91576,KEYCORP /NEW/,filter1,growth 7% <= 20%
SON,91767,SONOCO PRODUCTS CO,filter1,growth -2% <= 20%
SCE-PG,92103,SOUTHERN CALIFORNIA EDISON Co,filter1,growth -4% <= 20%
SO,92122,SOUTHERN CO,filter1,growth 8% <= 20%
LUV,92380,SOUTHWEST AIRLINES CO,filter1,growth 16% <= 20%
VNRX,93314,VOLITIONRX LTD,filter1,growth -2% <= 20%
SMP,93389,"STANDARD MOTOR PRODUCTS, INC.",filter1,growth 2% <= 20%
SWK,93556,"STANLEY BLACK & DECKER, INC.",filter1,growth 0% <= 20%
STT,93751,STATE STREET CORP,filter1,growth 17% <= 20%
SCL,94049,STEPAN CO,filter1,growth 15% <= 20%
STC,94344,STEWART INFORMATION SERVICES CORP,filter1,gross margin unavailable
LEVI,94845,LEVI STRAUSS & CO,filter1,growth 8% <= 20%
RGR,95029,STURM RUGER & CO INC,filter1,growth 19% <= 20%
SGC,95574,"SUPERIOR GROUP OF COMPANIES, INC.",filter1,growth 3% <= 20%
ACNT,95953,ASCENT INDUSTRIES CO.,filter1,gross margin falling (-8.0%)
SYY,96021,SYSCO CORP,filter1,growth 5% <= 20%
TAYD,96536,"TAYLOR DEVICES, INC.",filter1,growth -42% <= 20%
TFX,96943,TELEFLEX INC,filter1,not accelerating (0/1 qtrs)
TNC,97134,TENNANT CO,filter1,growth 2% <= 20%
TEX,97216,TEREX CORP,filter1,gross margin falling (-0.5%)
TMO,97745,THERMO FISHER SCIENTIFIC INC.,filter1,growth 10% <= 20%
TDW,98222,TIDEWATER INC,filter1,growth 0% <= 20%
TKR,98362,TIMKEN CO,filter1,growth 7% <= 20%
TR,98677,TOOTSIE ROLL INDUSTRIES INC,filter1,growth -1% <= 20%
TRNS,99302,TRANSCAT INC,filter1,gross margin unavailable
TRN,99780,TRINITY INDUSTRIES INC,filter1,growth -4% <= 20%
TWIN,100378,TWIN DISC INC,filter1,growth 18% <= 20%
TSN,100493,"TYSON FOODS, INC.",filter1,growth -0% <= 20%
UAL,100517,"United Airlines Holdings, Inc.",filter1,growth 16% <= 20%
UFI,100726,UNIFI INC,filter1,growth 4% <= 20%
UNP,100885,UNION PACIFIC CORP,filter1,growth 12% <= 20%
UFCS,101199,UNITED FIRE GROUP INC,filter1,growth 14% <= 20%
UG,101295,UNITED GUARDIAN INC,filter1,growth 10% <= 20%
UAMY,101538,UNITED STATES ANTIMONY CORP,filter1,growth -25% <= 20%
BSIN,101594,BIG SKY INDUSTRIAL INC.,filter1,growth 5% <= 20%
RTX,101829,RTX Corp,filter1,growth 14% <= 20%
UEIC,101984,UNIVERSAL ELECTRONICS INC,filter1,growth -25% <= 20%
UVV,102037,UNIVERSAL CORP /VA/,filter1,growth -12% <= 20%
UUU,102109,"UNIVERSAL SAFETY PRODUCTS, INC.",filter1,growth -97% <= 20%
UVSP,102212,UNIVEST FINANCIAL Corp,filter1,growth 4% <= 20%
VMI,102729,VALMONT INDUSTRIES INC,filter1,growth 6% <= 20%
VSEC,102752,VSE CORP,filter1,gross margin unavailable
VECO,103145,VEECO INSTRUMENTS INC,filter1,growth 16% <= 20%
VFC,103379,V F CORP,filter1,growth 1% <= 20%
VLGEA,103595,VILLAGE SUPER MARKET INC,filter1,growth 2% <= 20%
VSH,103730,VISHAY INTERTECHNOLOGY INC,filter1,growth 17% <= 20%
WMT,104169,Walmart Inc.,filter1,growth 6% <= 20%
GHC,104889,Graham Holdings Co,filter1,growth 7% <= 20%
ELME,104894,Elme Communities,filter1,stale fundamentals
AVA,104918,AVISTA CORP,filter1,growth 0% <= 20%
WSO,105016,WATSCO INC,filter1,growth 2% <= 20%
WW,105319,"WW INTERNATIONAL, INC.",filter1,growth -8% <= 20%
WMK,105418,WEIS MARKETS INC,filter1,growth 5% <= 20%
EME,105634,"EMCOR Group, Inc.",filter1,growth 20% <= 20%
GBR,105744,"New Concept Energy, Inc.",filter1,growth 2% <= 20%
WST,105770,WEST PHARMACEUTICAL SERVICES INC,filter1,growth 14% <= 20%
WEYS,106532,WEYCO GROUP INC,filter1,growth 7% <= 20%
WY,106535,WEYERHAEUSER CO,filter1,growth -1% <= 20%
WHR,106640,WHIRLPOOL CORP /DE/,filter1,growth -7% <= 20%
WLY,107140,"JOHN WILEY & SONS, INC.",filter1,growth -3% <= 20%
WMB,107263,"WILLIAMS COMPANIES, INC.",filter1,growth 0% <= 20%
WGO,107687,WINNEBAGO INDUSTRIES INC,filter1,growth -10% <= 20%
WWD,108312,"Woodward, Inc.",filter1,not accelerating (0/1 qtrs)
WRLD,108385,WORLD ACCEPTANCE CORP,filter1,growth 5% <= 20%
WOR,108516,"WORTHINGTON ENTERPRISES, INC.",filter1,growth 17% <= 20%
YORW,108985,YORK WATER CO,filter1,gross margin unavailable
SPB,109177,"Spectrum Brands Holdings, Inc.",filter1,growth 8% <= 20%
TJX,109198,TJX COMPANIES INC /DE/,filter1,growth 5% <= 20%
ZION,109380,"ZIONS BANCORPORATION, NATIONAL ASSOCIATION /UT/",filter1,growth 11% <= 20%
AIT,109563,APPLIED INDUSTRIAL TECHNOLOGIES INC,filter1,growth 10% <= 20%
GTBP,109657,"GT Biopharma, Inc.",filter1,stale fundamentals
WWW,110471,WOLVERINE WORLD WIDE INC /DE/,filter1,growth 7% <= 20%
RPM,110621,RPM INTERNATIONAL INC/DE/,filter1,growth 7% <= 20%
JNJ,200406,JOHNSON & JOHNSON,filter1,growth 7% <= 20%
LHX,202058,"L3HARRIS TECHNOLOGIES, INC. /DE/",filter1,growth 8% <= 20%
CDE,215466,"Coeur Mining, Inc.",filter1,not accelerating (0/1 qtrs)
HVT,216085,HAVERTY FURNITURE COMPANIES INC,filter1,growth 8% <= 20%
TXT,217346,TEXTRON INC,filter1,growth 3% <= 20%
SIGI,230557,SELECTIVE INSURANCE GROUP INC,filter1,growth 5% <= 20%
NATR,275053,NATURES SUNSHINE PRODUCTS INC,filter1,growth 2% <= 20%
PSN,275880,PARSONS CORP,filter1,growth -4% <= 20%
PCYO,276720,PURE CYCLE CORP,filter1,gross margin falling (-15.6%)
GWW,277135,"W.W. GRAINGER, INC.",filter1,growth 10% <= 20%
FSS,277509,FEDERAL SIGNAL CORP /DE/,filter1,growth 19% <= 20%
CSX,277948,CSX CORP,filter1,growth 10% <= 20%
CVCO,278166,"CAVCO INDUSTRIES, INC.",filter1,growth 10% <= 20%
SXT,310142,SENSIENT TECHNOLOGIES CORP,filter1,growth 12% <= 20%
MRK,310158,"Merck & Co., Inc.",filter1,growth 5% <= 20%
SXI,310354,STANDEX INTERNATIONAL CORP/DE/,filter1,growth 3% <= 20%
SYK,310764,STRYKER CORP,filter1,growth 9% <= 20%
HAE,313143,HAEMONETICS CORP,filter1,growth 6% <= 20%
DHR,313616,DANAHER CORP /DE/,filter1,growth 6% <= 20%
CHD,313927,CHURCH & DWIGHT CO INC /DE/,filter1,growth 2% <= 20%
MUX,314203,McEwen Inc.,filter1,not accelerating (0/1 qtrs)
BUSE,314489,FIRST BUSEY CORP /NV/,filter1,growth -1% <= 20%
VAL,314808,Valaris Ltd,filter1,growth -12% <= 20%
DE,315189,DEERE & CO,filter1,growth 5% <= 20%
RHI,315213,ROBERT HALF INC.,filter1,growth -2% <= 20%
AON,315293,Aon plc,filter1,growth 2% <= 20%
HURC,315374,HURCO COMPANIES INC,filter1,growth 3% <= 20%
RRC,315852,RANGE RESOURCES CORP,filter1,growth -3% <= 20%
SCHW,316709,SCHWAB CHARLES CORP,filter1,gross margin unavailable
COKE,317540,"Coca-Cola Consolidated, Inc.",filter1,growth 11% <= 20%
AMGN,318154,AMGEN INC,filter1,growth 10% <= 20%
PEBO,318300,PEOPLES BANCORP INC,filter1,growth 4% <= 20%
ABEO,318306,ABEONA THERAPEUTICS INC.,filter1,not accelerating (0/1 qtrs)
SNFCA,318673,SECURITY NATIONAL FINANCIAL CORP,filter1,growth -6% <= 20%
TISI,318833,TEAM INC,filter1,growth -8% <= 20%
KLAC,319201,KLA CORP,filter1,growth 15% <= 20%
LSTA,320017,"LISATA THERAPEUTICS, INC.",filter1,growth -100% <= 20%
TLS,320121,TELOS CORP,filter1,not accelerating (0/1 qtrs)
NKE,320187,"NIKE, Inc.",filter1,growth -1% <= 20%
AAPL,320193,Apple Inc.,filter1,growth 16% <= 20%
GL,320335,GLOBE LIFE INC.,filter1,growth 8% <= 20%
AN,350698,"AUTONATION, INC.",filter1,growth -1% <= 20%
SEIC,350894,SEI INVESTMENTS CO,filter1,growth 15% <= 20%
DAIO,351998,DATA I/O CORP,filter1,growth -13% <= 20%
LNT,352541,ALLIANT ENERGY CORP,filter1,growth 5% <= 20%
FSTR,352825,FOSTER L B CO,filter1,growth -3% <= 20%
UHS,352915,UNIVERSAL HEALTH SERVICES INC,filter1,growth 8% <= 20%
CKX,352955,"CKX LANDS, INC.",filter1,gross margin unavailable
AIRT,353184,AIR T INC,filter1,gross margin unavailable
AJG,354190,Arthur J. Gallagher & Co.,filter1,not accelerating (0/1 qtrs)
HE,354707,HAWAIIAN ELECTRIC INDUSTRIES INC,filter1,gross margin unavailable
HD,354950,"HOME DEPOT, INC.",filter1,growth 6% <= 20%
SHEN,354963,SHENANDOAH TELECOMMUNICATIONS CO/VA/,filter1,growth 5% <= 20%
GNTX,355811,GENTEX CORP,filter1,growth -1% <= 20%
CSPI,356037,CSP INC /MA/,filter1,growth -7% <= 20%
TCBK,356171,TRICO BANCSHARES /,filter1,growth 3% <= 20%
NJR,356309,NEW JERSEY RESOURCES CORP,filter1,growth 10% <= 20%
HOV,357294,HOVNANIAN ENTERPRISES INC,filter1,growth -12% <= 20%
FULT,700564,FULTON FINANCIAL CORP,filter1,growth 15% <= 20%
RCMT,700841,"RCM TECHNOLOGIES, INC.",filter1,gross margin falling (-1.9%)
CPF,701347,CENTRAL PACIFIC FINANCIAL CORP,filter1,growth 12% <= 20%
ELA,701719,Envela Corp,filter1,growth 3% <= 20%
BBWI,701985,"Bath & Body Works, Inc.",filter1,growth -2% <= 20%
NSC,702165,NORFOLK SOUTHERN CORP,filter1,growth 11% <= 20%
EAT,703351,"BRINKER INTERNATIONAL, INC",filter1,growth 5% <= 20%
DSGR,703604,"Distribution Solutions Group, Inc.",filter1,growth 11% <= 20%
KRMD,704440,"KORU Medical Systems, Inc.",filter1,growth 18% <= 20%
UTMD,706698,UTAH MEDICAL PRODUCTS INC,filter1,growth -14% <= 20%
ONB,707179,OLD NATIONAL BANCORP /IN/,filter1,stale fundamentals
ASRV,707605,AMERISERV FINANCIAL INC /PA/,filter1,growth 7% <= 20%
CASS,708781,CASS INFORMATION SYSTEMS INC,filter1,growth 12% <= 20%
PAR,708821,PAR TECHNOLOGY CORP,filter1,growth 19% <= 20%
FMNB,709337,FARMERS NATIONAL BANC CORP /OH/,filter1,gross margin unavailable
NEOG,711377,NEOGEN CORP,filter1,growth -0% <= 20%
COO,711404,"COOPER COMPANIES, INC.",filter1,growth 1% <= 20%
ACCO,712034,ACCO BRANDS Corp,filter1,growth 5% <= 20%
OLP,712770,ONE LIBERTY PROPERTIES INC,filter1,stale fundamentals
PNC,713676,"PNC FINANCIAL SERVICES GROUP, INC.",filter1,gross margin unavailable
SMTI,714256,Sanara MedTech Inc.,filter1,growth 9% <= 20%
GABC,714395,"GERMAN AMERICAN BANCORP, INC.",filter1,growth 3% <= 20%
ANIX,715446,Anixa Biosciences Inc,filter1,stale fundamentals
ACNB,715579,ACNB CORP,filter1,growth 4% <= 20%
TILE,715787,INTERFACE INC,filter1,growth 5% <= 20%
D,715957,"DOMINION ENERGY, INC",filter1,gross margin unavailable
RDI,716634,READING INTERNATIONAL INC,filter1,growth 11% <= 20%
RGS,716643,REGIS CORP,filter1,growth -7% <= 20%
MUR,717423,MURPHY OIL CORP,filter1,gross margin unavailable
HXL,717605,HEXCEL CORP /DE/,filter1,growth 8% <= 20%
VALU,717720,VALUE LINE INC,filter1,growth -6% <= 20%
FUSB,717806,"FIRST US BANCSHARES, INC.",filter1,growth -0% <= 20%
UNF,717954,UNIFIRST CORP,filter1,growth 4% <= 20%
RAVE,718332,"RAVE RESTAURANT GROUP, INC.",filter1,growth 9% <= 20%
STAA,718937,STAAR SURGICAL CO,filter1,gross margin falling (-7.7%)
APYX,719135,Apyx Medical Corp,filter1,not accelerating (0/1 qtrs)
FXNC,719402,FIRST NATIONAL CORP /VA/,filter1,growth -0% <= 20%
HL,719413,HECLA MINING CO/DE/,filter1,not accelerating (0/1 qtrs)
KTCC,719733,KEY TRONIC CORP,filter1,growth -20% <= 20%
WSM,719955,WILLIAMS SONOMA INC,filter1,growth 7% <= 20%
RJF,720005,RAYMOND JAMES FINANCIAL INC,filter1,growth 14% <= 20%
ASYS,720500,AMTECH SYSTEMS INC,filter1,growth 14% <= 20%
SF,720672,STIFEL FINANCIAL CORP,filter1,growth 10% <= 20%
ITIC,720858,INVESTORS TITLE CO,filter1,growth 17% <= 20%
CAH,721371,CARDINAL HEALTH INC,filter1,stale fundamentals
LKFN,721994,LAKELAND FINANCIAL CORP,filter1,stale fundamentals
NSYS,722313,NORTECH SYSTEMS INC,filter1,growth 9% <= 20%
FKWL,722572,FRANKLIN WIRELESS CORP,filter1,gross margin falling (-13.8%)
CBU,723188,"COMMUNITY FINANCIAL SYSTEM, INC.",filter1,growth 11% <= 20%
CTAS,723254,CINTAS CORP,filter1,growth 9% <= 20%
PAYX,723531,PAYCHEX INC,filter1,growth 6% <= 20%
CULP,723603,CULP INC,filter1,growth 6% <= 20%
CAR,723612,"AVIS BUDGET GROUP, INC.",filter1,growth 4% <= 20%
MLAB,724004,MESA LABORATORIES INC /CO/,filter1,growth 1% <= 20%
CVM,725363,CEL SCI CORP,filter1,stale fundamentals
O,726728,REALTY INCOME CORP,filter1,growth 10% <= 20%
CHCO,726854,CITY HOLDING CO,filter1,stale fundamentals
CASY,726958,CASEYS GENERAL STORES INC,filter1,gross margin falling (-3.1%)
CDZI,727273,CADIZ INC,filter1,growth -76% <= 20%
BCHT,728385,Birchtech Corp.,filter1,growth 16% <= 20%
CATX,728387,"Perspective Therapeutics, Inc.",filter1,stale fundamentals
JBHT,728535,HUNT J B TRANSPORT SERVICES INC,filter1,growth 19% <= 20%
THO,730263,THOR INDUSTRIES INC,filter1,growth -8% <= 20%
RGEN,730272,REPLIGEN CORP,filter1,growth 12% <= 20%
CVSA,730464,Covista Inc.,filter1,growth 10% <= 20%
HCSG,731012,HEALTHCARE SERVICES GROUP INC,filter1,growth 3% <= 20%
UBCP,731653,UNITED BANCORP INC /OH/,filter1,stale fundamentals
UNH,731766,UNITEDHEALTH GROUP INC,filter1,growth 0% <= 20%
ATO,731802,ATMOS ENERGY CORP,filter1,growth 5% <= 20%
TRT,732026,TRIO-TECH INTERNATIONAL,filter1,not accelerating (0/1 qtrs)
VZ,732712,VERIZON COMMUNICATIONS INC,filter1,growth -1% <= 20%
T,732717,AT&T INC.,filter1,growth 2% <= 20%
RAMP,733269,"LiveRamp Holdings, Inc.",filter1,growth 10% <= 20%
TCI,733590,TRANSCONTINENTAL REALTY INVESTORS INC,filter1,growth 6% <= 20%
INTZ,736012,INTRUSION INC,filter1,growth -22% <= 20%
WASH,737468,WASHINGTON TRUST BANCORP INC,filter1,growth 11% <= 20%
TTC,737758,TORO CO,filter1,growth 8% <= 20%
CZFS,739421,CITIZENS FINANCIAL SERVICES INC,filter1,growth 3% <= 20%
VTR,740260,"Ventas, Inc.",filter1,not accelerating (0/1 qtrs)
RFIL,740664,R F INDUSTRIES LTD,filter1,gross margin falling (-1.2%)
RES,742278,RPC INC,filter1,growth 10% <= 20%
BHB,743367,BAR HARBOR BANKSHARES,filter1,stale fundamentals
REX,744187,REX AMERICAN RESOURCES Corp,filter1,growth 6% <= 20%
CLDX,744218,"Celldex Therapeutics, Inc.",filter1,growth -97% <= 20%
AMS,744825,AMERICAN SHARED HOSPITAL SERVICES,filter1,growth 19% <= 20%
ROST,745732,"ROSS STORES, INC.",filter1,growth 13% <= 20%
TWAV,746210,"TaoWeave, Inc.",filter1,growth -12% <= 20%
NEN,746514,NEW ENGLAND REALTY ASSOCIATES LIMITED PARTNERSHIP,filter1,growth 15% <= 20%
EXPD,746515,EXPEDITORS INTERNATIONAL OF WASHINGTON INC,filter1,gross margin unavailable
BRC,746598,BRADY CORP,filter1,growth 10% <= 20%
UIS,746838,UNISYS CORP,filter1,growth -2% <= 20%
RCAT,748268,"Red Cat Holdings, Inc.",filter1,not accelerating (0/1 qtrs)
ERNA,748592,Ernexa Therapeutics Inc.,filter1,stale fundamentals
IT,749251,GARTNER INC,filter1,growth -1% <= 20%
IMNN,749647,"Imunon, Inc.",filter1,stale fundamentals
AUBN,750574,"AUBURN NATIONAL BANCORPORATION, INC",filter1,growth 1% <= 20%
HWC,750577,HANCOCK WHITNEY CORP,filter1,stale fundamentals
CAC,750686,CAMDEN NATIONAL CORP,filter1,growth 8% <= 20%
NNN,751364,"NNN REIT, INC.",filter1,growth 8% <= 20%
VIRC,751365,VIRCO MFG CORPORATION,filter1,growth -5% <= 20%
VICR,751978,VICOR CORP,filter1,not accelerating (0/1 qtrs)
UMH,752642,"UMH PROPERTIES, INC.",filter1,growth 7% <= 20%
MGRC,752714,MCGRATH RENTCORP,filter1,growth -6% <= 20%
NEE,753308,NEXTERA ENERGY INC,filter1,growth 2% <= 20%
GROW,754811,U S GLOBAL INVESTORS INC,filter1,gross margin unavailable
UTL,755001,UNITIL CORP,filter1,growth 14% <= 20%
CFG,759944,CITIZENS FINANCIAL GROUP INC/RI,filter1,growth 12% <= 20%
CDR-PB,761648,"CEDAR REALTY TRUST, INC.",filter1,growth -12% <= 20%
LYTS,763532,LSI INDUSTRIES INC,filter1,gross margin falling (-1.1%)
LCII,763744,LCI INDUSTRIES,filter1,growth -13% <= 20%
BPOP,763901,"POPULAR, INC.",filter1,growth -1% <= 20%
FUNC,763907,FIRST UNITED CORP/MD/,filter1,stale fundamentals
CLF,764065,CLEVELAND-CLIFFS INC.,filter1,growth 6% <= 20%
MO,764180,"ALTRIA GROUP, INC.",filter1,growth 0% <= 20%
IIIN,764401,INSTEEL INDUSTRIES INC,filter1,growth 10% <= 20%
BBY,764478,BEST BUY CO INC,filter1,growth 4% <= 20%
PNW,764622,PINNACLE WEST CAPITAL CORP,filter1,growth 7% <= 20%
DOC,765880,"HEALTHPEAK PROPERTIES, INC.",filter1,growth 11% <= 20%
ALK,766421,"ALASKA AIR GROUP, INC.",filter1,growth 10% <= 20%
WELL,766704,WELLTOWER INC.,filter1,gross margin falling (-1.9%)
CVV,766792,CVD EQUIPMENT CORP,filter1,growth -43% <= 20%
HTO,766829,H2O AMERICA,filter1,growth 9% <= 20%
SBFG,767405,"SB FINANCIAL GROUP, INC.",filter1,stale fundamentals
TBI,768899,"TrueBlue, Inc.",filter1,growth 12% <= 20%
ADSK,769397,"Autodesk, Inc.",filter1,growth 16% <= 20%
MIDD,769520,MIDDLEBY Corp,filter1,growth 10% <= 20%
KOPN,771266,KOPIN CORP,filter1,gross margin unavailable
ABM,771497,ABM INDUSTRIES INC /DE/,filter1,growth 4% <= 20%
CSBR,771856,"CHAMPIONS ONCOLOGY, INC.",filter1,growth 9% <= 20%
DSS,771999,"DSS, INC.",filter1,growth -32% <= 20%
CRUS,772406,"CIRRUS LOGIC, INC.",filter1,growth 13% <= 20%
HON,773840,HONEYWELL INTERNATIONAL INC,filter1,growth 4% <= 20%
OSK,775158,OSHKOSH CORP,filter1,growth 0% <= 20%
WTM,776867,WHITE MOUNTAINS INSURANCE GROUP LTD,filter1,not accelerating (0/1 qtrs)
ALTO,778164,"Alto Ingredients, Inc.",filter1,growth 12% <= 20%
JKHY,779152,JACK HENRY & ASSOCIATES INC,filter1,growth 5% <= 20%
ARKR,779544,ARK RESTAURANTS CORP,filter1,growth -6% <= 20%
ITRI,780571,"ITRON, INC.",filter1,growth -7% <= 20%
VGZ,783324,VISTA GOLD CORP,filter1,no YoY growth
WEC,783325,"WEC ENERGY GROUP, INC.",filter1,growth 3% <= 20%
DJCO,783412,DAILY JOURNAL CORP,filter1,growth 15% <= 20%
AORT,784199,"ARTIVION, INC.",filter1,growth 11% <= 20%
POR,784977,PORTLAND GENERAL ELECTRIC CO /OR/,filter1,growth 1% <= 20%
EHC,785161,Encompass Health Corp,filter1,growth 10% <= 20%
DLHC,785557,DLH Holdings Corp.,filter1,growth -47% <= 20%
JJSF,785956,J&J SNACK FOODS CORP,filter1,growth -6% <= 20%
NAII,787253,NATURAL ALTERNATIVES INTERNATIONAL INC,filter1,growth 2% <= 20%
JOUT,788329,JOHNSON OUTDOORS INC,filter1,growth 5% <= 20%
NTRP,788611,"NextTrip, Inc.",filter1,not accelerating (0/1 qtrs)
PEG,788784,PUBLIC SERVICE ENTERPRISE GROUP INC,filter1,growth -3% <= 20%
PDEX,788920,PRO DEX INC,filter1,growth 17% <= 20%
HNRG,788965,HALLADOR ENERGY CO,filter1,growth -1% <= 20%
MSFT,789019,MICROSOFT CORP,filter1,growth 18% <= 20%
MGM,789570,MGM Resorts International,filter1,growth 1% <= 20%
NC,789933,NACCO INDUSTRIES INC,filter1,growth 6% <= 20%
CSL,790051,CARLISLE COMPANIES INC,filter1,growth 8% <= 20%
NBTB,790359,NBT BANCORP INC,filter1,stale fundamentals
RDNT,790526,"RadNet, Inc.",filter1,gross margin unavailable
BDN,790816,BRANDYWINE REALTY TRUST,filter1,growth 5% <= 20%
OPY,791963,OPPENHEIMER HOLDINGS INC,filter1,not accelerating (0/1 qtrs)
WERN,793074,WERNER ENTERPRISES INC,filter1,gross margin unavailable
REFR,793524,RESEARCH FRONTIERS INC,filter1,growth -34% <= 20%
SKYW,793733,SKYWEST INC,filter1,growth 7% <= 20%
HOG,793952,"HARLEY-DAVIDSON, INC.",filter1,growth -6% <= 20%
TOL,794170,"Toll Brothers, Inc.",filter1,growth -10% <= 20%
M,794367,"Macy's, Inc.",filter1,growth 1% <= 20%
KBH,795266,KB HOME,filter1,growth -27% <= 20%
WTS,795403,WATTS WATER TECHNOLOGIES INC,filter1,growth 19% <= 20%
ADBE,796343,ADOBE INC.,filter1,growth 13% <= 20%
CLFD,796505,"Clearfield, Inc.",filter1,growth 13% <= 20%
NKSH,796534,NATIONAL BANKSHARES INC,filter1,growth 13% <= 20%
OXY,797468,OCCIDENTAL PETROLEUM CORP /DE/,filter1,gross margin unavailable
QXL,797542,QUANTUM X LABS INC.,filter1,growth -87% <= 20%
VSAT,797721,VIASAT INC,filter1,growth -1% <= 20%
LAKE,798081,LAKELAND INDUSTRIES INC,filter1,growth -4% <= 20%
PAMT,798287,PAMT CORP,filter1,growth 9% <= 20%
FISV,798354,FISERV INC,filter1,growth -4% <= 20%
CSR,798359,CENTERSPACE,filter1,growth -4% <= 20%
OMEX,798528,ODYSSEY MARINE EXPLORATION INC,filter1,growth -42% <= 20%
UHT,798783,UNIVERSAL HEALTH REALTY INCOME TRUST,filter1,growth 0% <= 20%
FCNCA,798941,FIRST CITIZENS BANCSHARES INC /DE/,filter1,growth 2% <= 20%
DWSN,799165,DAWSON GEOPHYSICAL CO,filter1,not accelerating (0/1 qtrs)
MRTN,799167,MARTEN TRANSPORT LTD,filter1,growth -3% <= 20%
HTLD,799233,HEARTLAND EXPRESS INC,filter1,growth -12% <= 20%
LE,799288,"LANDS' END, INC.",filter1,growth 3% <= 20%
MHO,799292,"M/I HOMES, INC.",filter1,growth -9% <= 20%
CRMT,799850,AMERICAS CARMART INC,filter1,growth -57% <= 20%
DGICA,800457,DONEGAL GROUP INC,filter1,growth -2% <= 20%
PPC,802481,PILGRIMS PRIDE CORP,filter1,growth -3% <= 20%
COFS,803164,CHOICEONE FINANCIAL SERVICES INC,filter1,growth 13% <= 20%
AIFF,803578,"FIREFLY NEUROSCIENCE, INC.",filter1,not accelerating (0/1 qtrs)
QCOM,804328,QUALCOMM INC/DE,filter1,growth -4% <= 20%
PRK,805676,PARK NATIONAL CORP /OH/,filter1,gross margin unavailable
AXGN,805928,"Axogen, Inc.",filter1,not accelerating (0/1 qtrs)
SOTK,806172,SONO TEK CORP,filter1,growth 10% <= 20%
MITK,807863,MITEK SYSTEMS INC,filter1,growth 18% <= 20%
JACK,807882,JACK IN THE BOX INC,filter1,growth -2% <= 20%
PLAB,810136,PHOTRONICS INC,filter1,growth 3% <= 20%
RJET,810332,REPUBLIC AIRWAYS HOLDINGS INC.,filter1,not accelerating (0/1 qtrs)
CMS,811156,CMS ENERGY CORP,filter1,growth -0% <= 20%
ICCC,811641,IMMUCELL CORP /DE/,filter1,growth 12% <= 20%
SNUS-PH,811830,"Santander Holdings USA, Inc.",filter1,stale fundamentals
MTN,812011,VAIL RESORTS INC,filter1,growth 2% <= 20%
OI,812074,"O-I Glass, Inc. /DE/",filter1,growth -2% <= 20%
SNGX,812796,"SOLIGENIX, INC.",filter1,stale fundamentals
DXLG,813298,"DESTINATION XL GROUP, INC.",filter1,growth -3% <= 20%
CDNS,813672,CADENCE DESIGN SYSTEMS INC,filter1,growth 19% <= 20%
IEP,813762,ICAHN ENTERPRISES L.P.,filter1,gross margin unavailable
NWL,814453,NEWELL BRANDS INC.,filter1,growth 3% <= 20%
FICO,814547,FAIR ISAAC CORP,filter1,not accelerating (0/1 qtrs)
MBI,814585,MBIA INC,filter1,growth 17% <= 20%
LWAY,814586,"Lifeway Foods, Inc.",filter1,not accelerating (0/1 qtrs)
CPSH,814676,CPS TECHNOLOGIES CORP/DE/,filter1,growth 3% <= 20%
CCL,815097,Carnival Corp Ltd.,filter1,growth 5% <= 20%
FAST,815556,FASTENAL CO,filter1,growth 15% <= 20%
TDC,816761,TERADATA CORP /DE/,filter1,growth 0% <= 20%
CNMD,816956,CONMED Corp,filter1,growth 0% <= 20%
SYNA,817720,SYNAPTICS Inc,filter1,growth 9% <= 20%
HRTX,818033,"HERON THERAPEUTICS, INC. /DE/",filter1,growth 1% <= 20%
XRAY,818479,DENTSPLY SIRONA Inc.,filter1,growth -4% <= 20%
TEVA,818686,TEVA PHARMACEUTICAL INDUSTRIES LTD,filter1,growth -1% <= 20%
AIN,819793,ALBANY INTERNATIONAL CORP /DE/,filter1,growth 6% <= 20%
AMP,820027,AMERIPRISE FINANCIAL INC,filter1,growth 12% <= 20%
GIII,821002,G III APPAREL GROUP LTD /DE/,filter1,growth -10% <= 20%
ANDE,821026,"Andersons, Inc.",filter1,growth -1% <= 20%
AD,821130,"ARRAY DIGITAL INFRASTRUCTURE, INC.",filter1,growth -94% <= 20%
EOG,821189,EOG RESOURCES INC,filter1,gross margin unavailable
PHM,822416,PULTEGROUP INC/MI/,filter1,growth -10% <= 20%
IPAR,822663,INTERPARFUMS INC,filter1,growth 2% <= 20%
CLH,822818,CLEAN HARBORS INC,filter1,growth 2% <= 20%
CHSCP,823277,CHS INC,filter1,growth 19% <= 20%
WM,823768,WASTE MANAGEMENT INC,filter1,growth 4% <= 20%
AAON,824142,"AAON, INC.",filter1,gross margin falling (-3.5%)
GTIM,825324,Good Times Restaurants Inc.,filter1,growth -5% <= 20%
SMG,825542,SCOTTS MIRACLE-GRO CO,filter1,growth 1% <= 20%
EIX,827052,EDISON INTERNATIONAL,filter1,growth 8% <= 20%
CLSK,827876,"CLEANSPARK, INC.",filter1,stale fundamentals
LINK,828146,INTERLINK ELECTRONICS INC,filter1,growth 10% <= 20%
WSFS,828944,WSFS FINANCIAL CORP,filter1,stale fundamentals
SBUX,829224,STARBUCKS CORP,filter1,growth -1% <= 20%
INUV,829323,"Inuvo, Inc.",filter1,growth -67% <= 20%
C,831001,CITIGROUP INC,filter1,stale fundamentals
FCX,831259,FREEPORT-MCMORAN INC,filter1,growth -7% <= 20%
TTEK,831641,TETRA TECH INC,filter1,growth -4% <= 20%
IEX,832101,IDEX CORP /DE/,filter1,growth 6% <= 20%
SSP,832428,E.W. SCRIPPS Co,filter1,growth -9% <= 20%
GOVX,832489,"GeoVax Labs, Inc.",filter1,growth -100% <= 20%
SIG,832988,SIGNET JEWELERS LTD,filter1,growth -0% <= 20%
MTH,833079,Meritage Homes CORP,filter1,stale fundamentals
JCI,833444,Johnson Controls International plc,filter1,growth 8% <= 20%
POWI,833640,POWER INTEGRATIONS INC,filter1,growth 3% <= 20%
BLFS,834365,BIOLIFE SOLUTIONS INC,filter1,not accelerating (0/1 qtrs)
MGPI,835011,MGP INGREDIENTS INC,filter1,growth -13% <= 20%
SYBT,835324,"Stock Yards Bancorp, Inc.",filter1,stale fundamentals
LNN,836157,LINDSAY CORP,filter1,growth -5% <= 20%
IA,836690,INNOVATIVE SOLUTIONS & SUPPORT INC,filter1,growth 11% <= 20%
CALY,837465,Callaway Golf Co,filter1,growth 2% <= 20%
WVVI,838875,WILLAMETTE VALLEY VINEYARDS INC,filter1,growth -2% <= 20%
WWR,839470,"WESTWATER RESOURCES, INC.",filter1,stale fundamentals
CLRO,840715,CLEARONE INC,filter1,no YoY growth
TECH,842023,BIO-TECHNE Corp,filter1,growth 1% <= 20%
LEA,842162,LEAR CORP,filter1,growth 3% <= 20%
ISBA,842517,ISABELLA BANK CORP,filter1,stale fundamentals
TRS,842633,TRIMAS CORP,filter1,growth 2% <= 20%
BRBS,842717,"BLUE RIDGE BANKSHARES, INC.",filter1,stale fundamentals
ACCS,843006,ACCESS Newswire Inc.,filter1,growth -0% <= 20%
FRPH,844059,"FRP HOLDINGS, INC.",filter1,growth 2% <= 20%
TTI,844965,TETRA TECHNOLOGIES INC,filter1,growth 7% <= 20%
DCOM,846617,"Dime Commercial Bancshares, Inc. /NY/",filter1,gross margin unavailable
FTEK,846913,"FUEL TECH, INC.",filter1,growth 17% <= 20%
HGBL,849145,Heritage Global Inc.,filter1,growth -14% <= 20%
LFVN,849146,Lifevantage Corp,filter1,growth -23% <= 20%
CRH,849395,CRH PUBLIC LTD CO,filter1,growth 6% <= 20%
GEN,849399,Gen Digital Inc.,filter1,growth 6% <= 20%
SLGN,849869,SILGAN HOLDINGS INC,filter1,growth 7% <= 20%
HMN,850141,HORACE MANN EDUCATORS CORP /DE/,filter1,growth 8% <= 20%
TG,850429,TREDEGAR CORP,filter1,stale fundamentals
CGNX,851205,COGNEX CORP,filter1,growth 17% <= 20%
HLIT,851310,HARMONIC INC.,filter1,gross margin unavailable
EXPO,851520,EXPONENT INC,filter1,gross margin unavailable
MHK,851968,MOHAWK INDUSTRIES INC,filter1,growth 7% <= 20%
LSTR,853816,LANDSTAR SYSTEM INC,filter1,growth 2% <= 20%
MLSS,855683,MILESTONE SCIENTIFIC INC.,filter1,gross margin falling (-2.3%)
MMSI,856982,MERIT MEDICAL SYSTEMS INC,filter1,growth 10% <= 20%
PTC,857005,PTC INC.,filter1,growth -7% <= 20%
UCB,857855,UNITED COMMUNITY BANKS INC,filter1,growth 7% <= 20%
CSCO,858877,"CISCO SYSTEMS, INC.",filter1,growth 18% <= 20%
CDP,860546,COPT DEFENSE PROPERTIES,filter1,growth 4% <= 20%
HCA,860730,"HCA Healthcare, Inc.",filter1,growth 4% <= 20%
TYL,860731,TYLER TECHNOLOGIES INC,filter1,growth 8% <= 20%
KMPR,860748,KEMPER Corp,filter1,growth -11% <= 20%
GVA,861459,GRANITE CONSTRUCTION INC,filter1,gross margin falling (-1.8%)
CATY,861842,CATHAY GENERAL BANCORP,filter1,gross margin unavailable
RS,861884,"RELIANCE, INC.",filter1,growth 16% <= 20%
CCEL,862692,CRYO CELL INTERNATIONAL INC,filter1,growth -2% <= 20%
AIFC,862861,AI Financial Corp,filter1,growth -62% <= 20%
ARTNA,863110,ARTESIAN RESOURCES CORP,filter1,growth 7% <= 20%
BHE,863436,BENCHMARK ELECTRONICS INC,filter1,growth 17% <= 20%
VERU,863894,VERU INC.,filter1,stale fundamentals
SYPR,864240,SYPRIS SOLUTIONS INC,filter1,growth -3% <= 20%
TRMB,864749,TRIMBLE INC.,filter1,growth 11% <= 20%
MNST,865752,Monster Beverage Corp,filter1,not accelerating (0/1 qtrs)
MTRX,866273,MATRIX SERVICE CO,filter1,growth 13% <= 20%
ALGM,866291,"ALLEGRO MICROSYSTEMS, INC.",filter1,not accelerating (0/1 qtrs)
ESE,866706,ESCO TECHNOLOGIES INC,filter1,growth 14% <= 20%
SCHL,866729,SCHOLASTIC CORP,filter1,growth -4% <= 20%
AZO,866787,AUTOZONE INC,filter1,growth 8% <= 20%
HOS,866829,"HORNBECK OFFSHORE SERVICES, INC.",filter1,gross margin falling (+1.0%)
POCI,867840,"PRECISION OPTICS CORPORATION, INC.",filter1,not accelerating (0/1 qtrs)
GBCI,868671,"GLACIER BANCORP, INC.",filter1,growth 18% <= 20%
DORM,868780,"Dorman Products, Inc.",filter1,growth 1% <= 20%
ACM,868857,AECOM,filter1,growth -14% <= 20%
MAN,871763,ManpowerGroup Inc.,filter1,growth 8% <= 20%
REGN,872589,"REGENERON PHARMACEUTICALS, INC.",filter1,growth 17% <= 20%
DCTH,872912,"DELCATH SYSTEMS, INC.",filter1,not accelerating (0/1 qtrs)
SRPT,873303,"Sarepta Therapeutics, Inc.",filter1,growth -34% <= 20%
ONIT,873860,ONITY GROUP INC.,filter1,growth 15% <= 20%
IONS,874015,IONIS PHARMACEUTICALS INC,filter1,growth -41% <= 20%
LCUT,874396,"LIFETIME BRANDS, INC",filter1,growth 7% <= 20%
GPOR,874499,GULFPORT ENERGY CORP,filter1,growth -28% <= 20%
OSG,874501,OCTAVE SPECIALTY GROUP INC,filter1,gross margin unavailable
IDXX,874716,IDEXX LABORATORIES INC /DE,filter1,growth 10% <= 20%
AES,874761,AES CORP,filter1,growth 20% <= 20%
HIG,874766,"HARTFORD INSURANCE GROUP, INC.",filter1,growth 8% <= 20%
CRVL,874866,CORVEL CORP,filter1,growth 11% <= 20%
BIIB,875045,BIOGEN INC.,filter1,growth 2% <= 20%
VRTX,875320,VERTEX PHARMACEUTICALS INC / MA,filter1,growth 12% <= 20%
TULP,875355,"BLOOMIA HOLDINGS, INC.",filter1,no YoY growth
NTIC,875582,NORTHERN TECHNOLOGIES INTERNATIONAL CORP,filter1,growth 13% <= 20%
ULBI,875657,ULTRALIFE CORP,filter1,growth -1% <= 20%
PRGS,876167,PROGRESS SOFTWARE CORP /MA,filter1,growth 7% <= 20%
LCTX,876343,"Lineage Cell Therapeutics, Inc.",filter1,growth -61% <= 20%
MNRO,876427,"MONRO, INC.",filter1,growth -7% <= 20%
MTG,876437,MGIC INVESTMENT CORP,filter1,growth -3% <= 20%
STGW,876883,Stagwell Inc,filter1,growth 11% <= 20%
NHI,877860,NATIONAL HEALTH INVESTORS INC,filter1,gross margin unavailable
ODFL,878927,"OLD DOMINION FREIGHT LINE, INC.",filter1,growth 10% <= 20%
KIM,879101,KIMCO REALTY CORP,filter1,growth 5% <= 20%
INCY,879169,INCYTE CORP,filter1,not accelerating (0/1 qtrs)
ARWR,879407,"ARROWHEAD PHARMACEUTICALS, INC.",filter1,not accelerating (0/1 qtrs)
WNC,879526,WABASH NATIONAL Corp,filter1,growth -20% <= 20%
ATNI,879585,"ATN International, Inc.",filter1,growth 2% <= 20%
JBSS,880117,SANFILIPPO JOHN B & SON INC,filter1,growth 4% <= 20%
AGCO,880266,AGCO CORP /DE,filter1,growth -1% <= 20%
WT,880631,"WisdomTree, Inc.",filter1,gross margin unavailable
AMSC,880807,AMERICAN SUPERCONDUCTOR CORP /DE/,filter1,gross margin falling (-4.7%)
ACFN,880984,"ACORN ENERGY, INC.",filter1,growth -29% <= 20%
GILD,882095,"GILEAD SCIENCES, INC.",filter1,growth 10% <= 20%
DHI,882184,HORTON D R INC /DE/,filter1,growth 0% <= 20%
AEMD,882291,AETHLON MEDICAL INC,filter1,stale fundamentals
BCRX,882796,BIOCRYST PHARMACEUTICALS INC,filter1,not accelerating (0/1 qtrs)
ROP,882835,ROPER TECHNOLOGIES INC,filter1,growth 9% <= 20%
SLSN,883107,"SOLESENCE, INC.",filter1,growth -25% <= 20%
VRTS,883237,"VIRTUS INVESTMENT PARTNERS, INC.",filter1,growth -4% <= 20%
SNPS,883241,SYNOPSYS INC,filter1,not accelerating (0/1 qtrs)
FOSL,883569,"Fossil Group, Inc.",filter1,growth -5% <= 20%
MBOT,883975,Microbot Medical Inc.,filter1,no YoY growth
ICUI,883984,ICU MEDICAL INC/DE,filter1,growth 1% <= 20%
ASUR,884144,ASURE SOFTWARE INC,filter1,not accelerating (0/1 qtrs)
PRSU,884219,"Pursuit Attractions & Hospitality, Inc.",filter1,growth 14% <= 20%
APT,884269,ALPHA PRO TECH LTD,filter1,growth 12% <= 20%
UGI,884614,UGI CORP /PA/,filter1,growth -5% <= 20%
OFIX,884624,Orthofix Medical Inc.,filter1,growth 4% <= 20%
RCL,884887,ROYAL CARIBBEAN CRUISES LTD,filter1,growth 6% <= 20%
BKE,885245,BUCKLE INC,filter1,growth 5% <= 20%
JCTC,885307,JEWETT CAMERON TRADING CO LTD,filter1,growth -22% <= 20%
GURE,885462,"GULF RESOURCES, INC.",filter1,not accelerating (0/1 qtrs)
CACC,885550,CREDIT ACCEPTANCE CORP,filter1,growth 1% <= 20%
BHC,885590,Bausch Health Companies Inc.,filter1,growth 13% <= 20%
KSS,885639,KOHLS Corp,filter1,growth -1% <= 20%
BSX,885725,BOSTON SCIENTIFIC CORP,filter1,growth 8% <= 20%
USPH,885978,U S PHYSICAL THERAPY INC /NV,filter1,growth 8% <= 20%
FCEL,886128,FUELCELL ENERGY INC,filter1,growth -29% <= 20%
SGA,886136,SAGA COMMUNICATIONS INC,filter1,growth -6% <= 20%
LGND,886163,LIGAND PHARMACEUTICALS INC,filter1,gross margin unavailable
FC,886206,FRANKLIN COVEY CO,filter1,growth 1% <= 20%
KAI,886346,KADANT INC,filter1,gross margin falling (-1.4%)
GERN,886744,GERON CORP,filter1,growth 17% <= 20%
GS,886982,GOLDMAN SACHS GROUP INC,filter1,gross margin unavailable
VCEL,887359,Vericel Corp,filter1,not accelerating (0/1 qtrs)
EP,887396,EMPIRE PETROLEUM CORP,filter1,growth 9% <= 20%
CAKE,887596,CHEESECAKE FACTORY INC,filter1,growth 8% <= 20%
CENT,887733,CENTRAL GARDEN & PET CO,filter1,growth -8% <= 20%
LTC,887905,LTC PROPERTIES INC,filter1,not accelerating (0/1 qtrs)
FCN,887936,"FTI CONSULTING, INC",filter1,growth 5% <= 20%
OHI,888491,OMEGA HEALTHCARE INVESTORS INC,filter1,growth 16% <= 20%
LFUS,889331,LITTELFUSE INC /DE,filter1,growth 19% <= 20%
CVU,889348,CPI AEROSTRUCTURES INC,filter1,growth 16% <= 20%
CPSS,889609,"CONSUMER PORTFOLIO SERVICES, INC.",filter1,growth 11% <= 20%
PTEN,889900,PATTERSON UTI ENERGY INC,filter1,growth 1% <= 20%
LPTH,889971,LIGHTPATH TECHNOLOGIES INC,filter1,not accelerating (0/1 qtrs)
PRSO,890394,Peraso Inc.,filter1,growth -41% <= 20%
EFOR,890564,Everforth Inc,filter1,growth -1% <= 20%
ENVB,890821,"Enveric Biosciences, Inc.",filter1,stale fundamentals
RDN,890926,RADIAN GROUP INC,filter1,gross margin unavailable
MTX,891014,MINERALS TECHNOLOGIES INC,filter1,growth 4% <= 20%
MTCH,891103,"Match Group, Inc.",filter1,growth -1% <= 20%
UVE,891166,"UNIVERSAL INSURANCE HOLDINGS, INC.",filter1,growth 7% <= 20%
FLL,891482,FULL HOUSE RESORTS INC,filter1,growth 6% <= 20%
PESI,891532,PERMA FIX ENVIRONMENTAL SERVICES INC,filter1,growth -12% <= 20%
MD,893949,"Pediatrix Medical Group, Inc.",filter1,growth 4% <= 20%
TOVX,894158,"Theriva Biologics, Inc.",filter1,no YoY growth
SITC,894315,SITE Centers Corp.,filter1,growth -68% <= 20%
ARCB,894405,ARCBEST CORP /TX/,filter1,growth 16% <= 20%
CITR,894556,CitroTech Inc.,filter1,growth -59% <= 20%
EGY,894627,VAALCO ENERGY INC /DE/,filter1,gross margin unavailable
PAAI,894871,"Paradium.AI, Inc.",filter1,growth -51% <= 20%
EXE,895126,EXPAND ENERGY Corp,filter1,growth -20% <= 20%
ELS,895417,EQUITY LIFESTYLE PROPERTIES INC,filter1,growth 3% <= 20%
WOLF,895419,"WOLFSPEED, INC.",filter1,growth -19% <= 20%
MS,895421,MORGAN STANLEY,filter1,gross margin unavailable
SHOE,895447,SHOE STATION GROUP INC,filter1,growth -7% <= 20%
RCKY,895456,"ROCKY BRANDS, INC.",filter1,growth 12% <= 20%
ETD,896156,ETHAN ALLEN INTERIORS INC,filter1,growth -8% <= 20%
CB,896159,Chubb Ltd,filter1,growth 11% <= 20%
USNA,896264,USANA HEALTH SCIENCES INC,filter1,growth -5% <= 20%
GPUS,896493,"Hyperscale Data, Inc.",filter1,not accelerating (0/1 qtrs)
ATR,896622,"APTARGROUP, INC.",filter1,growth 6% <= 20%
INTU,896878,INTUIT INC.,filter1,growth 14% <= 20%
ALG,897077,ALAMO GROUP INC,filter1,growth 8% <= 20%
AMRN,897448,AMARIN CORP PLC\UK,filter1,growth -42% <= 20%
SANM,897723,SANMINA CORP,filter1,not accelerating (0/1 qtrs)
ORLY,898173,O REILLY AUTOMOTIVE INC,filter1,growth 8% <= 20%
RGA,898174,REINSURANCE GROUP OF AMERICA INC,filter1,growth 19% <= 20%
JBL,898293,JABIL INC,filter1,growth 12% <= 20%
ANIK,898437,"Anika Therapeutics, Inc.",filter1,growth 16% <= 20%
ALL,899051,ALLSTATE CORP,filter1,growth 12% <= 20%
MNKD,899460,MANNKIND CORP,filter1,gross margin falling (-7.7%)
AKR,899629,ACADIA REALTY TRUST,filter1,growth -5% <= 20%
VNO,899689,VORNADO REALTY TRUST,filter1,growth 5% <= 20%
SKT,899715,TANGER INC.,filter1,growth 11% <= 20%
TWI,899751,TITAN INTERNATIONAL INC,filter1,growth 5% <= 20%
MYGN,899923,MYRIAD GENETICS INC,filter1,growth -11% <= 20%
CPRT,900075,COPART INC,filter1,growth 2% <= 20%
PZZA,901491,PAPA JOHNS INTERNATIONAL INC,filter1,growth -9% <= 20%
BBSI,902791,BARRETT BUSINESS SERVICES INC,filter1,growth 4% <= 20%
THRM,903129,Gentherm Inc,filter1,growth 11% <= 20%
INOD,903651,INNODATA INC,filter1,gross margin unavailable
VMRK,906107,VIVMARK RESIDENTIAL,filter1,stale fundamentals
NVR,906163,NVR INC,filter1,growth -10% <= 20%
CPT,906345,CAMDEN PROPERTY TRUST,filter1,growth 19% <= 20%
QCRH,906465,QCR HOLDINGS INC,filter1,stale fundamentals
BYD,906553,BOYD GAMING CORP,filter1,growth 0% <= 20%
NKTR,906709,NEKTAR THERAPEUTICS,filter1,growth -9% <= 20%
MCRI,907242,MONARCH CASINO & RESORT INC,filter1,growth 9% <= 20%
BFS,907254,"SAUL CENTERS, INC.",filter1,growth 8% <= 20%
CASH,907471,"PATHWARD FINANCIAL, INC.",filter1,growth -3% <= 20%
ORKA,907654,"Oruka Therapeutics, Inc.",filter1,stale fundamentals
BWA,908255,BORGWARNER INC,filter1,growth 0% <= 20%
CMCT,908311,Creative Media & Community Trust Corp,filter1,growth -0% <= 20%
WINA,908315,WINMARK CORP,filter1,growth 8% <= 20%
SIRI,908937,SIRIUS XM HOLDINGS INC.,filter1,growth 1% <= 20%
TCX,909494,TUCOWS INC /PA/,filter1,growth 2% <= 20%
TLF,909724,TANDY LEATHER FACTORY INC,filter1,growth 2% <= 20%
COST,909832,COSTCO WHOLESALE CORP /NEW,filter1,growth 12% <= 20%
FLG,910073,"FLAGSTAR BANK, NATIONAL ASSOCIATION",filter1,stale fundamentals
LXP,910108,LXP Industrial Trust,filter1,growth 0% <= 20%
MED,910329,MEDIFAST INC,filter1,growth -28% <= 20%
HAIN,910406,HAIN CELESTIAL GROUP INC,filter1,growth -28% <= 20%
DECK,910521,DECKERS OUTDOOR CORP,filter1,growth 6% <= 20%
REG,910606,REGENCY CENTERS CORP,filter1,growth 8% <= 20%
CBL,910612,CBL & ASSOCIATES PROPERTIES INC,filter1,growth 4% <= 20%
DDD,910638,3D SYSTEMS CORP,filter1,growth -0% <= 20%
CNTY,911147,CENTURY CASINOS INC /CO/,filter1,growth 1% <= 20%
CWST,911177,CASELLA WASTE SYSTEMS INC,filter1,growth 17% <= 20%
PTN,911216,PALATIN TECHNOLOGIES INC,filter1,no YoY growth
NHTC,912061,NATURAL HEALTH TRENDS CORP,filter1,growth -14% <= 20%
MAC,912242,MACERICH CO,filter1,growth -0% <= 20%
SUI,912593,SUN COMMUNITIES INC,filter1,growth 8% <= 20%
MAA,912595,MID AMERICA APARTMENT COMMUNITIES INC.,filter1,growth 1% <= 20%
URBN,912615,URBAN OUTFITTERS INC,filter1,growth 10% <= 20%
FWRD,912728,FORWARD AIR CORP,filter1,growth 9% <= 20%
LAUR,912766,"LAUREATE EDUCATION, INC.",filter1,growth 17% <= 20%
UFPI,912767,UFP INDUSTRIES INC,filter1,growth 3% <= 20%
BDC,913142,BELDEN INC.,filter1,growth 12% <= 20%
RNR,913144,RENAISSANCERE HOLDINGS LTD,filter1,growth -14% <= 20%
SHOO,913241,"STEVEN MADDEN, LTD.",filter1,growth 19% <= 20%
CLAR,913277,Clarus Corp,filter1,growth 2% <= 20%
CFFI,913341,C & F FINANCIAL CORP,filter1,growth 12% <= 20%
SNEX,913760,StoneX Group Inc.,filter1,growth 15% <= 20%
PPIH,914122,"Perma-Pipe International Holdings, Inc.",filter1,gross margin falling (-5.1%)
UFPT,914156,UFP TECHNOLOGIES INC,filter1,growth 15% <= 20%
IVZ,914208,Invesco Ltd.,filter1,gross margin unavailable
EMN,915389,EASTMAN CHEMICAL CO,filter1,growth 10% <= 20%
DAKT,915779,DAKTRONICS INC /SD/,filter1,growth 7% <= 20%
BZH,915840,BEAZER HOMES USA INC,filter1,growth -5% <= 20%
MLM,916076,MARTIN MARIETTA MATERIALS INC,filter1,gross margin falling (-7.7%)
TSCO,916365,TRACTOR SUPPLY CO /DE/,filter1,growth 2% <= 20%
DAR,916540,DARLING INGREDIENTS INC.,filter1,growth 16% <= 20%
HELE,916789,HELEN OF TROY LTD,filter1,growth 8% <= 20%
XPL,917225,SOLITARIO RESOURCES CORP.,filter1,stale fundamentals
ADC,917251,AGREE REALTY CORP,filter1,growth 17% <= 20%
RMBS,917273,RAMBUS INC,filter1,growth 8% <= 20%
IART,917520,INTEGRA LIFESCIENCES HOLDINGS CORP,filter1,growth 1% <= 20%
MPAA,918251,MOTORCAR PARTS OF AMERICA INC,filter1,growth -11% <= 20%
NNBR,918541,NN INC,filter1,growth 19% <= 20%
EXP,918646,EAGLE MATERIALS INC,filter1,growth 3% <= 20%
SCSC,918965,"SCANSOURCE, INC.",filter1,growth 17% <= 20%
AEO,919012,AMERICAN EAGLE OUTFITTERS INC,filter1,growth 8% <= 20%
LH,920148,LABCORP HOLDINGS INC.,filter1,growth 6% <= 20%
SSD,920371,"Simpson Manufacturing Co., Inc.",filter1,growth 6% <= 20%
ESS,920522,"ESSEX PROPERTY TRUST, INC.",filter1,growth 4% <= 20%
LEN,920760,LENNAR CORP /NEW/,filter1,growth -5% <= 20%
HIW,921082,"HIGHWOODS PROPERTIES, INC.",filter1,growth 7% <= 20%
ARMP,921114,"Armata Pharmaceuticals, Inc.",filter1,stale fundamentals
KYNB,921299,"KYNTRA BIO, INC.",filter1,growth -209% <= 20%
RBCAA,921557,REPUBLIC BANCORP INC /KY/,filter1,growth 8% <= 20%
IMAX,921582,IMAX CORP,filter1,growth 12% <= 20%
SSRM,921638,SSR MINING INC.,filter1,growth 9% <= 20%
PENN,921738,"PENN Entertainment, Inc.",filter1,growth 5% <= 20%
FR,921825,FIRST INDUSTRIAL REALTY TRUST INC,filter1,growth 8% <= 20%
PPL,922224,PPL Corp,filter1,growth 9% <= 20%
ERIE,922621,ERIE INDEMNITY CO,filter1,growth 3% <= 20%
AIV,922864,APARTMENT INVESTMENT & MANAGEMENT CO,filter1,stale fundamentals
GBX,923120,GREENBRIER COMPANIES INC,filter1,growth -32% <= 20%
RIME,923601,"Algorhythm Holdings, Inc.",filter1,growth 11% <= 20%
GEO,923796,GEO GROUP INC,filter1,growth 15% <= 20%
EFOI,924168,"ENERGY FOCUS, INC/DE",filter1,gross margin falling (-24.6%)
GNSS,924383,Genasys Inc.,filter1,growth -26% <= 20%
SMID,924719,SMITH MIDLAND CORP,filter1,growth -11% <= 20%
FRHC,924805,Freedom Holding Corp.,filter1,gross margin falling (-1.9%)
MLR,924822,MILLER INDUSTRIES INC /TN/,filter1,growth 12% <= 20%
HDSN,925528,HUDSON TECHNOLOGIES INC /NY,filter1,growth 8% <= 20%
BCDA,925741,"BioCardia, Inc.",filter1,stale fundamentals
ADTN,926282,"ADTRAN Holdings, Inc.",filter1,growth 6% <= 20%
OMCL,926326,"OMNICELL, INC.",filter1,growth 7% <= 20%
MIND,926423,"MIND TECHNOLOGY, INC",filter1,growth -59% <= 20%
DVA,927066,DAVITA INC.,filter1,growth 5% <= 20%
COF,927628,CAPITAL ONE FINANCIAL CORP,filter1,not accelerating (0/1 qtrs)
MCK,927653,MCKESSON CORP,filter1,growth 8% <= 20%
FTK,928054,FLOTEK INDUSTRIES INC/CN/,filter1,gross margin falling (-7.8%)
CWCO,928340,Consolidated Water Co. Ltd.,filter1,growth -2% <= 20%
DIT,928465,AMCON DISTRIBUTING CO,filter1,growth 13% <= 20%
CVLG,928658,"COVENANT LOGISTICS GROUP, INC.",filter1,growth 10% <= 20%
WCC,929008,WESCO INTERNATIONAL INC,filter1,growth 13% <= 20%
STRZ,929351,STARZ ENTERTAINMENT CORP /CN/,filter1,growth -4% <= 20%
KFRC,930420,KFORCE INC,filter1,growth 4% <= 20%
PII,931015,Polaris Inc.,filter1,growth 8% <= 20%
EAF,931148,GRAFTECH INTERNATIONAL LTD,filter1,growth -3% <= 20%
NSIT,932696,INSIGHT ENTERPRISES INC,filter1,growth 15% <= 20%
FCCO,932781,FIRST COMMUNITY CORP /SC/,filter1,growth -5% <= 20%
STRT,933034,STRATTEC SECURITY CORP,filter1,growth -0% <= 20%
UPBD,933036,"UPBOUND GROUP, INC.",filter1,growth 1% <= 20%
SCWO,933972,374Water Inc.,filter1,gross margin unavailable
AZTA,933974,"Azenta, Inc.",filter1,growth 12% <= 20%
ACIW,935036,"ACI WORLDWIDE, INC.",filter1,growth 7% <= 20%
RICK,935419,"RCI HOSPITALITY HOLDINGS, INC.",filter1,growth 4% <= 20%
DLTR,935703,"DOLLAR TREE, INC.",filter1,growth 7% <= 20%
DTE,936340,DTE ENERGY CO,filter1,stale fundamentals
LMT,936468,LOCKHEED MARTIN CORP,filter1,growth 11% <= 20%
WAFD,936528,WAFD INC,filter1,growth 7% <= 20%
TNET,937098,"TRINET GROUP, INC.",filter1,growth -5% <= 20%
EXEL,939767,"EXELIXIS, INC.",filter1,growth 11% <= 20%
HUBG,940942,"Hub Group, Inc.",filter1,stale fundamentals
DRI,940944,DARDEN RESTAURANTS INC,filter1,growth 14% <= 20%
WAB,943452,WESTINGHOUSE AIR BRAKE TECHNOLOGIES CORP,filter1,growth 17% <= 20%
RMD,943819,RESMED INC,filter1,growth 9% <= 20%
SCKT,944075,"SOCKET MOBILE, INC.",filter1,growth -25% <= 20%
CBZ,944148,"CBIZ, Inc.",filter1,growth -0% <= 20%
THG,944695,"HANOVER INSURANCE GROUP, INC.",filter1,growth 4% <= 20%
CIVB,944745,"CIVISTA BANCSHARES, INC.",filter1,growth 11% <= 20%
OPK,944809,"OPKO HEALTH, INC.",filter1,growth 4% <= 20%
GIC,945114,GLOBAL INDUSTRIAL Co,filter1,growth 8% <= 20%
SVC,945394,Service Properties Trust,filter1,growth -16% <= 20%
POOL,945841,POOL CORP,filter1,growth 6% <= 20%
CLMB,945983,"Climb Global Solutions, Inc.",filter1,growth 9% <= 20%
RVP,946563,RETRACTABLE TECHNOLOGIES INC,filter1,growth -31% <= 20%
TTWO,946581,TAKE TWO INTERACTIVE SOFTWARE INC,filter1,growth 2% <= 20%
AIM,946644,AIM ImmunoTech Inc.,filter1,growth 4% <= 20%
BANR,946673,BANNER CORP,filter1,stale fundamentals
ACGL,947484,ARCH CAPITAL GROUP LTD.,filter1,growth -10% <= 20%
LFMD,948320,"LifeMD, Inc.",filter1,growth -4% <= 20%
SMSI,948708,"SMITH MICRO SOFTWARE, INC.",filter1,growth -2% <= 20%
CENX,949157,CENTURY ALUMINUM CO,filter1,growth 20% <= 20%
SAM,949870,BOSTON BEER CO INC,filter1,growth -3% <= 20%
IOR,949961,INCOME OPPORTUNITY REALTY INVESTORS INC /TX/,filter1,stale fundamentals
HSIC,1000228,HENRY SCHEIN INC,filter1,growth 7% <= 20%
MATV,1000623,"Mativ Holdings, Inc.",filter1,growth 1% <= 20%
NVAX,1000694,NOVAVAX INC,filter1,growth -76% <= 20%
WAT,1000697,WATERS CORP /DE/,filter1,gross margin unavailable
NSP,1000753,"INSPERITY, INC.",filter1,growth 2% <= 20%
GEOS,1001115,GEOSPACE TECHNOLOGIES CORP,filter1,growth -36% <= 20%
BYFC,1001171,BROADWAY FINANCIAL CORP DE,filter1,growth 7% <= 20%
EL,1001250,ESTEE LAUDER COMPANIES INC,filter1,growth 6% <= 20%
TGTX,1001316,"TG THERAPEUTICS, INC.",filter1,not accelerating (0/1 qtrs)
NWPX,1001385,"NWPX Infrastructure, Inc.",filter1,growth 20% <= 20%
REPX,1001614,"Riley Exploration Permian, Inc.",filter1,gross margin unavailable
ASTC,1001907,ASTROTECH Corp,filter1,growth -13% <= 20%
NTAP,1002047,"NetApp, Inc.",filter1,gross margin falling (-1.9%)
SGU,1002590,"STAR GROUP, L.P.",filter1,growth 17% <= 20%
OTEX,1002638,OPEN TEXT CORP,filter1,growth 3% <= 20%
AEE,1002910,AMEREN CORP,filter1,growth -6% <= 20%
MSM,1003078,MSC INDUSTRIAL DIRECT CO INC,filter1,growth 8% <= 20%
AMG,1004434,"AFFILIATED MANAGERS GROUP, INC.",filter1,gross margin unavailable
PCG,1004980,PG&E Corp,filter1,growth 0% <= 20%
SPH,1005210,SUBURBAN PROPANE PARTNERS LP,filter1,growth 0% <= 20%
CMCO,1005229,COLUMBUS MCKINNON CORP,filter1,gross margin falling (-7.0%)
OLED,1005284,UNIVERSAL DISPLAY CORP \PA\,filter1,growth -11% <= 20%
LFCR,1005286,"LIFECORE BIOMEDICAL, INC. DE",filter1,no YoY growth
IDT,1005731,IDT CORP,filter1,growth 5% <= 20%
TMP,1005817,TOMPKINS FINANCIAL CORP,filter1,stale fundamentals
IRIX,1006045,IRIDEX CORP,filter1,growth -7% <= 20%
PLX,1006281,"Protalix BioTherapeutics, Inc.",filter1,not accelerating (0/1 qtrs)
EPM,1006655,EVOLUTION PETROLEUM CORP,filter1,growth 15% <= 20%
JVA,1007019,COFFEE HOLDING CO INC,filter1,growth -9% <= 20%
KVHI,1007587,KVH INDUSTRIES INC \DE\,filter1,gross margin unavailable
CEPL,1009759,"Capstone Energy Plus, Inc.",filter1,growth -11% <= 20%
JAKK,1009829,JAKKS PACIFIC INC,filter1,growth 17% <= 20%
AIRI,1009891,AIR INDUSTRIES GROUP,filter1,growth -5% <= 20%
SIGA,1010086,SIGA TECHNOLOGIES INC,filter1,growth -49% <= 20%
RUSHA,1012019,RUSH ENTERPRISES INC \TX\,filter1,growth -2% <= 20%
FDS,1013237,FACTSET RESEARCH SYSTEMS INC,filter1,growth 6% <= 20%
NWFL,1013272,NORWOOD FINANCIAL CORP,filter1,growth 12% <= 20%
BJRI,1013488,BJs RESTAURANTS INC,filter1,growth 6% <= 20%
PEGA,1013857,PEGASYSTEMS INC,filter1,growth 9% <= 20%
NRG,1013871,"NRG ENERGY, INC.",filter1,growth 11% <= 20%
TTEC,1013880,"TTEC Holdings, Inc.",filter1,growth -11% <= 20%
STRA,1013934,"Strategic Education, Inc.",filter1,growth 5% <= 20%
VRSN,1014473,VERISIGN INC/CA,filter1,growth 6% <= 20%
OPCH,1014739,"Option Care Health, Inc.",filter1,growth 1% <= 20%
AIMD,1014763,"Ainos, Inc.",filter1,growth -97% <= 20%
WTFC,1015328,WINTRUST FINANCIAL CORP,filter1,stale fundamentals
POWW,1015383,Outdoor Holding Co,filter1,gross margin falling (-2.6%)
AWRE,1015739,AWARE INC /MA/,filter1,growth -16% <= 20%
CSV,1016281,CARRIAGE SERVICES INC,filter1,growth 1% <= 20%
TACT,1017303,TRANSACT TECHNOLOGIES INC,filter1,growth 1% <= 20%
WLFC,1018164,WILLIS LEASE FINANCE CORP,filter1,growth -1% <= 20%
AMZN,1018724,AMAZON COM INC,filter1,growth 20% <= 20%
ANF,1018840,ABERCROMBIE & FITCH CO /DE/,filter1,growth 5% <= 20%
ATI,1018963,ATI INC,filter1,growth 11% <= 20%
AMSF,1018979,AMERISAFE INC,filter1,growth 13% <= 20%
BKYI,1019034,BIO KEY INTERNATIONAL INC,filter1,growth 13% <= 20%
PAG,1019849,"PENSKE AUTOMOTIVE GROUP, INC.",filter1,growth 6% <= 20%
CERS,1020214,CERUS CORP,filter1,growth 10% <= 20%
IRM,1020569,IRON MOUNTAIN INC,filter1,growth 19% <= 20%
DXPE,1020710,DXP ENTERPRISES INC,filter1,growth 16% <= 20%
UNFI,1020859,UNITED NATURAL FOODS INC,filter1,growth -1% <= 20%
NUS,1021561,"NU SKIN ENTERPRISES, INC.",filter1,growth -17% <= 20%
OGE,1021635,OGE ENERGY CORP.,filter1,growth 1% <= 20%
NOV,1021860,NOV Inc.,filter1,growth -2% <= 20%
DGX,1022079,QUEST DIAGNOSTICS INC,filter1,growth 10% <= 20%
GEL,1022321,GENESIS ENERGY LP,filter1,gross margin unavailable
PLUS,1022408,EPLUS INC,filter1,growth 1% <= 20%
INSG,1022652,INSEEGO CORP.,filter1,growth 9% <= 20%
LAD,1023128,LITHIA MOTORS INC,filter1,growth 2% <= 20%
FORR,1023313,"FORRESTER RESEARCH, INC.",filter1,growth -10% <= 20%
SLP,1023459,"Simulations Plus, Inc.",filter1,growth 7% <= 20%
EGHT,1023731,8X8 INC /DE/,filter1,growth 5% <= 20%
COTY,1024305,COTY INC.,filter1,growth 1% <= 20%
ROK,1024478,"ROCKWELL AUTOMATION, INC",filter1,growth 8% <= 20%
HLIO,1024795,"HELIOS TECHNOLOGIES, INC.",filter1,growth 9% <= 20%
WPC,1025378,W. P. Carey Inc.,filter1,growth 7% <= 20%
KRC,1025996,KILROY REALTY CORP,filter1,growth -0% <= 20%
CMT,1026655,CORE MOLDING TECHNOLOGIES INC,filter1,growth -21% <= 20%
TCMD,1027838,TACTILE SYSTEMS TECHNOLOGY INC,filter1,growth 9% <= 20%
EEFT,1029199,"EURONET WORLDWIDE, INC.",filter1,growth 3% <= 20%
IDR,1030192,"Idaho Strategic Resources, Inc.",filter1,growth 13% <= 20%
OFG,1030469,OFG BANCORP,filter1,stale fundamentals
GPI,1031203,GROUP 1 AUTOMOTIVE INC,filter1,growth -6% <= 20%
SELF,1031235,"Global Self Storage, Inc.",filter1,growth 1% <= 20%
FE,1031296,FIRSTENERGY CORP,filter1,growth 12% <= 20%
BSY,1031308,BENTLEY SYSTEMS INC,filter1,growth 13% <= 20%
FSP,1031316,FRANKLIN STREET PROPERTIES CORP /MA/,filter1,growth -3% <= 20%
SRE,1032208,SEMPRA,filter1,growth -7% <= 20%
MMS,1032220,"MAXIMUS, INC.",filter1,growth -5% <= 20%
LOGI,1032975,LOGITECH INTERNATIONAL S.A.,filter1,growth 7% <= 20%
SBAC,1034054,SBA COMMUNICATIONS CORP,filter1,growth 2% <= 20%
ALV,1034670,AUTOLIV INC,filter1,growth 3% <= 20%
WYY,1034760,WIDEPOINT CORP,filter1,growth 2% <= 20%
RIGL,1034842,RIGEL PHARMACEUTICALS INC,filter1,growth -23% <= 20%
SHBI,1035092,SHORE BANCSHARES INC,filter1,growth 4% <= 20%
CWT,1035201,CALIFORNIA WATER SERVICE GROUP,filter1,growth 9% <= 20%
ISRG,1035267,INTUITIVE SURGICAL INC,filter1,growth 19% <= 20%
ELOX,1035354,"Eloxx Pharmaceuticals, Inc.",filter1,stale fundamentals
ARE,1035443,"ALEXANDRIA REAL ESTATE EQUITIES, INC.",filter1,growth -13% <= 20%
FIX,1035983,COMFORT SYSTEMS USA INC,filter1,gross margin unavailable
INVE,1036044,"INVE Technologies, Inc.",filter1,growth 13% <= 20%
RL,1037038,RALPH LAUREN CORP,filter1,growth 14% <= 20%
BXP,1037540,"BXP, Inc.",filter1,growth 3% <= 20%
MTD,1037646,METTLER TOLEDO INTERNATIONAL INC/,filter1,growth 4% <= 20%
AME,1037868,AMETEK INC/,filter1,growth 15% <= 20%
JLL,1037976,JONES LANG LASALLE INC,filter1,growth 11% <= 20%
SLAB,1038074,SILICON LABORATORIES INC.,filter1,growth 18% <= 20%
OSIS,1039065,OSI SYSTEMS INC,filter1,growth -4% <= 20%
NTWK,1039280,NETSOL TECHNOLOGIES INC,filter1,growth 6% <= 20%
OKE,1039684,ONEOK INC /NEW/,filter1,gross margin falling (-7.7%)
ANG-PD,1039828,American National Group Inc.,filter1,growth 1% <= 20%
PETS,1040130,PETMED EXPRESS INC,filter1,growth -20% <= 20%
PXLW,1040161,"PIXELWORKS, INC",filter1,growth -99% <= 20%
RHP,1040829,"Ryman Hospitality Properties, Inc.",filter1,growth 14% <= 20%
IDN,1040896,"Intellicheck, Inc.",filter1,growth 16% <= 20%
SLG,1040971,SL GREEN REALTY CORP,filter1,growth 6% <= 20%
RMTI,1041024,"ROCKWELL MEDICAL, INC.",filter1,growth 11% <= 20%
YUM,1041061,YUM BRANDS INC,filter1,growth 12% <= 20%
LSAK,1041514,LESAKA TECHNOLOGIES INC,filter1,growth 12% <= 20%
UONE,1041657,"URBAN ONE, INC.",filter1,growth -6% <= 20%
PSMT,1041803,PRICESMART INC,filter1,growth 12% <= 20%
PLCE,1041859,"Childrens Place, Inc.",filter1,growth -19% <= 20%
FOCL,1041934,EDAP TMS SA,filter1,not accelerating (0/1 qtrs)
AFG,1042046,AMERICAN FINANCIAL GROUP INC,filter1,growth 6% <= 20%
YHGJ,1042187,YUNHONG GREEN CTI LTD.,filter1,growth -29% <= 20%
PDM,1042776,"Piedmont Realty Trust, Inc.",filter1,growth 0% <= 20%
INVX,1042893,"Innovex International, Inc.",filter1,growth 9% <= 20%
SNDA,1043000,"SONIDA SENIOR LIVING, INC.",filter1,gross margin unavailable
SLNG,1043186,"Stabilis Solutions, Inc.",filter1,growth -31% <= 20%
CHRW,1043277,"C. H. ROBINSON WORLDWIDE, INC.",filter1,growth 19% <= 20%
SRI,1043337,STONERIDGE INC,filter1,growth 15% <= 20%
SAH,1043509,SONIC AUTOMOTIVE INC,filter1,growth 8% <= 20%
PRPO,1043961,"Precipio, Inc.",filter1,not accelerating (0/1 qtrs)
OSPN,1044777,OneSpan Inc.,filter1,growth 1% <= 20%
EPR,1045450,EPR PROPERTIES,filter1,growth 10% <= 20%
PLD,1045609,"Prologis, Inc.",filter1,growth 7% <= 20%
LIVE,1045742,LIVE VENTURES Inc,filter1,growth -3% <= 20%
RBA,1046102,RB GLOBAL INC.,filter1,growth 11% <= 20%
INGR,1046257,Ingredion Inc,filter1,growth 1% <= 20%
CHH,1046311,CHOICE HOTELS INTERNATIONAL INC /DE,filter1,growth 3% <= 20%
PRDO,1046568,PERDOCEO EDUCATION Corp,filter1,growth 2% <= 20%
NHC,1047335,NATIONAL HEALTHCARE CORP,filter1,growth 9% <= 20%
DMC,1047340,DEL MONTE CORP,filter1,growth 3% <= 20%
ED,1047862,CONSOLIDATED EDISON INC,filter1,growth 7% <= 20%
MAR,1048286,MARRIOTT INTERNATIONAL INC /MD/,filter1,growth 5% <= 20%
BMRN,1048477,BIOMARIN PHARMACEUTICAL INC,filter1,growth 20% <= 20%
FFIV,1048695,"F5, INC.",filter1,growth 11% <= 20%
FDX,1048911,FEDEX CORP,filter1,growth 13% <= 20%
MRCY,1049521,MERCURY SYSTEMS INC,filter1,growth 6% <= 20%
CIX,1049606,COMPX INTERNATIONAL INC,filter1,growth 8% <= 20%
CNXN,1050377,PC CONNECTION INC,filter1,growth 12% <= 20%
MSTR,1050446,Strategy Inc,filter1,growth 7% <= 20%
PGC,1050743,PEAPACK GLADSTONE FINANCIAL CORP,filter1,not accelerating (0/1 qtrs)
COLM,1050797,COLUMBIA SPORTSWEAR CO,filter1,growth 2% <= 20%
CCI,1051470,CROWN CASTLE INC.,filter1,growth -5% <= 20%
TDS,1051512,TELEPHONE & DATA SYSTEMS INC /DE/,filter1,growth 4% <= 20%
GTY,1052752,GETTY REALTY CORP /MD/,filter1,growth 11% <= 20%
AMT,1053507,AMERICAN TOWER CORP /MA/,filter1,growth 5% <= 20%
CRVO,1053691,CervoMed Inc.,filter1,growth -100% <= 20%
CRAI,1053706,"CRA INTERNATIONAL, INC.",filter1,growth 13% <= 20%
IOSP,1054905,INNOSPEC INC.,filter1,growth 12% <= 20%
INO,1055726,"INOVIO PHARMACEUTICALS, INC.",filter1,no YoY growth
FHI,1056288,"FEDERATED HERMES, INC.",filter1,growth 18% <= 20%
MTEX,1056358,MANNATECH INC,filter1,growth 4% <= 20%
MANH,1056696,MANHATTAN ASSOCIATES INC,filter1,growth 9% <= 20%
AWR,1056903,AMERICAN STATES WATER CO,filter1,growth 11% <= 20%
HZO,1057060,MARINEMAX INC,filter1,growth -7% <= 20%
CSGP,1057352,"COSTAR GROUP, INC.",filter1,growth 18% <= 20%
HCKT,1057379,"HACKETT GROUP, INC.",filter1,growth -12% <= 20%
FBP,1057706,FIRST BANCORP /PR/,filter1,growth 7% <= 20%
IDA,1057877,IDACORP INC,filter1,stale fundamentals
CMG,1058090,CHIPOTLE MEXICAN GRILL INC,filter1,growth 9% <= 20%
CTSH,1058290,COGNIZANT TECHNOLOGY SOLUTIONS CORP,filter1,growth 6% <= 20%
NXPL,1058307,NextPlat Corp,filter1,growth -10% <= 20%
IMMR,1058811,IMMERSION CORP,filter1,growth 1% <= 20%
GHI,1059142,Greystone Housing Impact Investors LP,filter1,growth -7% <= 20%
MCO,1059556,MOODYS CORP /DE/,filter1,growth 15% <= 20%
RSG,1060391,"REPUBLIC SERVICES, INC.",filter1,growth 4% <= 20%
CRI,1060822,CARTERS INC,filter1,growth 5% <= 20%
AWX,1061069,AVALON HOLDINGS CORP,filter1,growth 3% <= 20%
EPD,1061219,ENTERPRISE PRODUCTS PARTNERS L.P.,filter1,gross margin falling (-6.1%)
BXMT,1061630,"BLACKSTONE MORTGAGE TRUST, INC.",filter1,stale fundamentals
CYTK,1061983,CYTOKINETICS INC,filter1,growth -57% <= 20%
DCH,1062231,Dauch Corp,filter1,gross margin falling (-1.1%)
LXRX,1062822,"LEXICON PHARMACEUTICALS, INC.",filter1,growth -98% <= 20%
SPG,1063761,SIMON PROPERTY GROUP INC.,filter1,growth 19% <= 20%
BTU,1064728,PEABODY ENERGY CORP,filter1,growth 13% <= 20%
LEU,1065059,CENTRUS ENERGY CORP,filter1,growth 14% <= 20%
NTIP,1065078,"NETWORK-1 TECHNOLOGIES, INC.",filter1,stale fundamentals
EBAY,1065088,EBAY INC,filter1,growth 15% <= 20%
NFLX,1065280,NETFLIX INC,filter1,growth 13% <= 20%
LKQ,1065696,LKQ CORP,filter1,growth -3% <= 20%
EGAN,1066194,EGAIN Corp,filter1,growth -5% <= 20%
BESS,1066764,Bimergen Energy Corp,filter1,no YoY growth
FTFT,1066923,Future FinTech Group Inc.,filter1,growth -44% <= 20%
CBRL,1067294,"CRACKER BARREL OLD COUNTRY STORE, INC",filter1,growth -2% <= 20%
URI,1067701,"UNITED RENTALS, INC.",filter1,growth 7% <= 20%
BRK-B,1067983,BERKSHIRE HATHAWAY INC,filter1,growth 10% <= 20%
EWBC,1069157,EAST WEST BANCORP INC,filter1,stale fundamentals
AXON,1069183,"AXON ENTERPRISE, INC.",filter1,not accelerating (0/1 qtrs)
LII,1069202,LENNOX INTERNATIONAL INC,filter1,growth 6% <= 20%
FSI,1069394,FLEXIBLE SOLUTIONS INTERNATIONAL INC,filter1,growth -33% <= 20%
FLNA,1069530,"FILANA THERAPEUTICS, INC.",filter1,stale fundamentals
RGCO,1069533,RGC RESOURCES INC,filter1,growth -1% <= 20%
TREX,1069878,TREX CO INC,filter1,growth 8% <= 20%
PAHC,1069899,PHIBRO ANIMAL HEALTH CORP,filter1,growth 5% <= 20%
PTCT,1070081,"PTC THERAPEUTICS, INC.",filter1,gross margin unavailable
FCAP,1070296,FIRST CAPITAL INC,filter1,growth 5% <= 20%
CNX,1070412,CNX Resources Corp,filter1,growth -36% <= 20%
PAA,1070423,PLAINS ALL AMERICAN PIPELINE LP,filter1,gross margin falling (-2.2%)
ACAD,1070494,ACADIA PHARMACEUTICALS INC,filter1,growth 16% <= 20%
CFBK,1070680,CF BANKSHARES INC.,filter1,stale fundamentals
HST,1070750,"HOST HOTELS & RESORTS, INC.",filter1,growth 3% <= 20%
CXW,1070985,"CoreCivic, Inc.",filter1,gross margin unavailable
CNC,1071739,CENTENE CORP,filter1,growth 10% <= 20%
KWY,1072627,KINGSWAY Corp,filter1,not accelerating (0/1 qtrs)
USBC,1074828,"USBC, Inc.",filter1,stale fundamentals
MODD,1074871,"Modular Medical, Inc.",filter1,stale fundamentals
LCNB,1074902,LCNB CORP,filter1,stale fundamentals
DHC,1075415,DIVERSIFIED HEALTHCARE TRUST,filter1,growth -5% <= 20%
BKNG,1075531,Booking Holdings Inc.,filter1,growth 8% <= 20%
CXDO,1075736,"Crexendo, Inc.",filter1,gross margin unavailable
NOVT,1076930,NOVANTA INC,filter1,growth 10% <= 20%
NEO,1077183,NEOGENOMICS INC,filter1,growth 11% <= 20%
HOFT,1077688,HOOKER FURNISHINGS Corp,filter1,growth -9% <= 20%
NTCT,1078075,NETSCOUT SYSTEMS INC,filter1,growth 13% <= 20%
EXTR,1078271,EXTREME NETWORKS INC,filter1,growth 10% <= 20%
INVA,1080014,"Innoviva, Inc.",filter1,growth 19% <= 20%
LOAN,1080340,"MANHATTAN BRIDGE CAPITAL, INC",filter1,growth -13% <= 20%
SQFT,1080657,"Presidio Property Trust, Inc.",filter1,growth -13% <= 20%
INLX,1081745,"INTELLINETICS, INC.",filter1,growth -2% <= 20%
VHC,1082324,VirnetX Holding Corp,filter1,growth -100% <= 20%
UTHR,1082554,UNITED THERAPEUTICS Corp,filter1,growth -2% <= 20%
XELB,1083220,"XCel Brands, Inc.",filter1,growth -15% <= 20%
WULF,1083301,TERAWULF INC.,filter1,growth -6% <= 20%
ASTH,1083446,"Astrana Health, Inc.",filter1,not accelerating (0/1 qtrs)
FLUX,1083743,"Flux Power Holdings, Inc.",filter1,growth -51% <= 20%
ZD,1084048,"ZIFF DAVIS, INC.",filter1,growth -3% <= 20%
LTBR,1084554,LIGHTBRIDGE Corp,filter1,no YoY growth
RGP,1084765,"RESOURCES CONNECTION, INC.",filter1,growth -24% <= 20%
FLWS,1084869,1 800 FLOWERS COM INC,filter1,growth -13% <= 20%
ECPG,1084961,ENCORE CAPITAL GROUP INC,filter1,growth 11% <= 20%
VTSI,1085243,"VirTra, Inc",filter1,growth -17% <= 20%
AKAM,1086222,AKAMAI TECHNOLOGIES INC,filter1,growth 5% <= 20%
ARLP,1086600,ALLIANCE RESOURCE PARTNERS LP,filter1,growth 1% <= 20%
FABC,1086745,"Fabric.AI, Inc.",filter1,stale fundamentals
CPIX,1087294,CUMBERLAND PHARMACEUTICALS INC,filter1,growth -19% <= 20%
USIO,1088034,"Usio, Inc.",filter1,growth 19% <= 20%
DKS,1089063,"DICK'S SPORTING GOODS, INC.",filter1,not accelerating (0/1 qtrs)
GAIA,1089872,"GAIA, INC",filter1,growth -5% <= 20%
SWKHL,1089907,SWK Holdings Corp,filter1,stale fundamentals
SFST,1090009,SOUTHERN FIRST BANCSHARES INC,filter1,growth -16% <= 20%
DVN,1090012,DEVON ENERGY CORP/DE,filter1,gross margin unavailable
LAMR,1090425,LAMAR ADVERTISING CO/NEW,filter1,growth 6% <= 20%
UPS,1090727,UNITED PARCEL SERVICE INC,filter1,growth 8% <= 20%
A,1090872,"AGILENT TECHNOLOGIES, INC.",filter1,growth 8% <= 20%
CHTR,1091667,"CHARTER COMMUNICATIONS, INC. /MO/",filter1,growth -2% <= 20%
SPSC,1092699,SPS COMMERCE INC,filter1,growth 6% <= 20%
DXCM,1093557,DEXCOM INC,filter1,growth 13% <= 20%
PEBK,1093672,PEOPLES BANCORP OF NORTH CAROLINA INC,filter1,stale fundamentals
PLUG,1093691,PLUG POWER INC,filter1,growth 2% <= 20%
MRKR,1094038,"Marker Therapeutics, Inc.",filter1,gross margin unavailable
TDY,1094285,TELEDYNE TECHNOLOGIES INC,filter1,growth 10% <= 20%
BGC,1094831,"BGC Group, Inc.",filter1,growth 8% <= 20%
EG,1095073,"EVEREST GROUP, LTD.",filter1,growth -12% <= 20%
HSTM,1095565,HEALTHSTREAM INC,filter1,growth 13% <= 20%
CNSY,1095981,"CERENOME, INC.",filter1,growth -70% <= 20%
LXFR,1096056,LUXFER HOLDINGS PLC,filter1,growth -10% <= 20%
WKSP,1096275,Worksport Ltd,filter1,not accelerating (0/1 qtrs)
MKL,1096343,MARKEL GROUP INC.,filter1,growth -0% <= 20%
EPC,1096752,EDGEWELL PERSONAL CARE Co,filter1,growth 2% <= 20%
ALGN,1097149,ALIGN TECHNOLOGY INC,filter1,growth 4% <= 20%
ON,1097864,ON SEMICONDUCTOR CORP,filter1,growth 9% <= 20%
BBGI,1099160,BEASLEY BROADCAST GROUP INC,filter1,growth -17% <= 20%
MET,1099219,METLIFE INC,filter1,growth 10% <= 20%
MELI,1099590,MERCADOLIBRE INC,filter1,gross margin falling (-2.4%)
EW,1099800,Edwards Lifesciences Corp,filter1,growth 14% <= 20%
CRL,1100682,"CHARLES RIVER LABORATORIES INTERNATIONAL, INC.",filter1,growth -3% <= 20%
BFH,1101215,"BREAD FINANCIAL HOLDINGS, INC.",filter1,growth 7% <= 20%
EQIX,1101239,EQUINIX INC,filter1,growth 16% <= 20%
ENTG,1101302,ENTEGRIS INC,filter1,growth 11% <= 20%
ARL,1102238,AMERICAN REALTY INVESTORS INC,filter1,growth 6% <= 20%
MDLZ,1103982,"Mondelez International, Inc.",filter1,growth 8% <= 20%
VRME,1104038,"VerifyMe, Inc.",filter1,growth -58% <= 20%
NOG,1104485,"NORTHERN OIL & GAS, INC.",filter1,growth 5% <= 20%
MTRN,1104657,MATERION Corp,filter1,gross margin falling (-2.4%)
CPHI,1106644,"CHINA PHARMA HOLDINGS, INC.",filter1,growth -8% <= 20%
TCRT,1107421,"Alaunos Therapeutics, Inc.",filter1,no YoY growth
QLYS,1107843,"QUALYS, INC.",filter1,growth 11% <= 20%
CYH,1108109,COMMUNITY HEALTH SYSTEMS INC,filter1,growth -10% <= 20%
BBT,1108134,Beacon Financial Corp,filter1,stale fundamentals
CRIS,1108205,CURIS INC,filter1,growth -100% <= 20%
TXNM,1108426,TXNM ENERGY INC,filter1,growth 5% <= 20%
CRM,1108524,"Salesforce, Inc.",filter1,growth 11% <= 20%
EVC,1109116,ENTRAVISION COMMUNICATIONS CORP,filter1,gross margin falling (-9.5%)
HAFC,1109242,HANMI FINANCIAL CORP,filter1,growth 11% <= 20%
BRKR,1109354,BRUKER CORP,filter1,growth 5% <= 20%
EXC,1109357,EXELON CORP,filter1,growth 8% <= 20%
ILMN,1110803,"ILLUMINA, INC.",filter1,growth 9% <= 20%
VC,1111335,VISTEON CORP,filter1,growth -1% <= 20%
RXST,1111485,"RxSight, Inc.",filter1,growth 0% <= 20%
NI,1111711,NISOURCE INC.,filter1,growth 3% <= 20%
IPGP,1111928,IPG PHOTONICS CORP,filter1,growth 11% <= 20%
TROW,1113169,PRICE T ROWE GROUP INC,filter1,growth 11% <= 20%
ACLS,1113232,AXCELIS TECHNOLOGIES INC,filter1,growth 11% <= 20%
BBW,1113809,BUILD-A-BEAR WORKSHOP INC,filter1,growth -7% <= 20%
ITGR,1114483,Integer Holdings Corp,filter1,growth -3% <= 20%
LTRX,1114925,LANTRONIX INC,filter1,growth 8% <= 20%
PI,1114995,IMPINJ INC,filter1,growth 11% <= 20%
TPR,1116132,"TAPESTRY, INC.",filter1,growth 9% <= 20%
OSUR,1116463,ORASURE TECHNOLOGIES INC,filter1,growth -2% <= 20%
PLAG,1117057,Planet Green Holdings Corp.,filter1,gross margin falling (-92.7%)
NDAQ,1120193,"NASDAQ, INC.",filter1,gross margin falling (-7.9%)
PDFS,1120914,PDF SOLUTIONS INC,filter1,growth 19% <= 20%
LODE,1120970,Comstock Inc.,filter1,growth -20% <= 20%
OIS,1121484,"OIL STATES INTERNATIONAL, INC",filter1,growth -5% <= 20%
GRMN,1121788,GARMIN LTD,filter1,growth 14% <= 20%
NTGR,1122904,"NETGEAR, INC.",filter1,growth -1% <= 20%
AVNT,1122976,AVIENT CORP,filter1,growth 6% <= 20%
GPN,1123360,GLOBAL PAYMENTS INC,filter1,gross margin falling (-11.2%)
HBIO,1123494,HARVARD BIOSCIENCE INC,filter1,growth 11% <= 20%
GYRE,1124105,"GYRE THERAPEUTICS, INC.",filter1,growth -2% <= 20%
FLR,1124198,FLUOR CORP,filter1,growth 9% <= 20%
CYRX,1124524,"Cryoport, Inc.",filter1,growth 8% <= 20%
LASR,1124796,"NLIGHT, INC.",filter1,not accelerating (0/1 qtrs)
MGNX,1125345,MACROGENICS INC,filter1,gross margin unavailable
ENSG,1125376,"ENSIGN GROUP, INC",filter1,growth 17% <= 20%
PFG,1126328,PRINCIPAL FINANCIAL GROUP INC,filter1,growth -5% <= 20%
GSIT,1126741,GSI TECHNOLOGY INC,filter1,growth 0% <= 20%
SR,1126956,SPIRE INC,filter1,stale fundamentals
LUNG,1127537,Pulmonx Corp,filter1,growth -5% <= 20%
FLO,1128928,FLOWERS FOODS INC,filter1,growth -4% <= 20%
BSRR,1130144,SIERRA BANCORP,filter1,growth 2% <= 20%
BGMS,1130166,"Bio Green Med Solution, Inc.",filter1,no YoY growth
CNP,1130310,CENTERPOINT ENERGY INC,filter1,growth 1% <= 20%
BKH,1130464,BLACK HILLS CORP /SD/,filter1,growth 3% <= 20%
TRAW,1130598,"Traws Pharma, Inc.",filter1,stale fundamentals
SPWH,1132105,"SPORTSMAN'S WAREHOUSE HOLDINGS, INC.",filter1,growth 1% <= 20%
TZOO,1133311,TRAVELZOO,filter1,growth -3% <= 20%
NOC,1133421,NORTHROP GRUMMAN CORP /DE/,filter1,growth 5% <= 20%
CAPR,1133869,"CAPRICOR THERAPEUTICS, INC.",filter1,stale fundamentals
ZBH,1136869,"ZIMMER BIOMET HOLDINGS, INC.",filter1,growth 5% <= 20%
FIS,1136893,"Fidelity National Information Services, Inc.",filter1,gross margin falling (-3.1%)
PSIX,1137091,"POWER SOLUTIONS INTERNATIONAL, INC.",filter1,growth -21% <= 20%
PRU,1137774,PRUDENTIAL FINANCIAL INC,filter1,growth 14% <= 20%
CBRE,1138118,"CBRE GROUP, INC.",filter1,growth 16% <= 20%
ARAY,1138723,ACCURAY INC,filter1,growth -21% <= 20%
AIDX,1139685,"20/20 Biolabs, Inc.",filter1,not accelerating (0/1 qtrs)
HQI,1140102,"HireQuest, Inc.",filter1,growth 6% <= 20%
REED,1140215,"REED'S, INC.",filter1,growth -21% <= 20%
WTW,1140536,WILLIS TOWERS WATSON PLC,filter1,growth 9% <= 20%
COR,1140859,"Cencora, Inc.",filter1,growth 5% <= 20%
PED,1141197,PEDEVCO CORP,filter1,gross margin unavailable
MA,1141391,Mastercard Inc,filter1,growth 14% <= 20%
NXST,1142417,"NEXSTAR MEDIA GROUP, INC.",filter1,gross margin unavailable
AMN,1142750,AMN HEALTHCARE SERVICES INC,filter1,growth 2% <= 20%
AYI,1144215,ACUITY INC. (DE),filter1,growth 2% <= 20%
APLD,1144879,Applied Digital Corp.,filter1,stale fundamentals
ABG,1144980,ASBURY AUTOMOTIVE GROUP INC,filter1,growth 0% <= 20%
PODD,1145197,INSULET CORP,filter1,not accelerating (0/1 qtrs)
HNNA,1145255,HENNESSY ADVISORS INC,filter1,growth 4% <= 20%
ASPN,1145986,ASPEN AEROGELS INC,filter1,growth -36% <= 20%
ELV,1156039,"Elevance Health, Inc.",filter1,growth 1% <= 20%
AGIG,1156041,"ABUNDIA GLOBAL IMPACT GROUP, INC.",filter1,gross margin unavailable
CME,1156375,CME GROUP INC.,filter1,growth 1% <= 20%
PMCB,1157075,"PharmaCyte Biotech, Inc.",filter1,no YoY growth
LRN,1157408,"Stride, Inc.",filter1,growth -3% <= 20%
MDGL,1157601,"MADRIGAL PHARMACEUTICALS, INC.",filter1,not accelerating (0/1 qtrs)
WNEB,1157647,"Western New England Bancorp, Inc.",filter1,stale fundamentals
SCOR,1158172,"COMSCORE, INC.",filter1,growth -11% <= 20%
CCOI,1158324,"COGENT COMMUNICATIONS HOLDINGS, INC.",filter1,growth -4% <= 20%
AAP,1158449,ADVANCE AUTO PARTS INC,filter1,growth -0% <= 20%
JBLU,1158463,JETBLUE AIRWAYS CORP,filter1,growth 14% <= 20%
PLUR,1158780,Pluri Inc.,filter1,growth -16% <= 20%
LMAT,1158895,LEMAITRE VASCULAR INC,filter1,growth 10% <= 20%
HALO,1159036,"HALOZYME THERAPEUTICS, INC.",filter1,gross margin falling (-0.9%)
JHX,1159152,James Hardie Industries plc,filter1,not accelerating (0/1 qtrs)
SVRA,1160308,Savara Inc,filter1,stale fundamentals
LAB,1162194,STANDARD BIOTOOLS INC.,filter1,growth -8% <= 20%
PROP,1162896,Prairie Operating Co.,filter1,not accelerating (0/1 qtrs)
NRIM,1163370,NORTHRIM BANCORP INC,filter1,growth 4% <= 20%
NBR,1163739,NABORS INDUSTRIES LTD,filter1,growth -2% <= 20%
NEM,1164727,NEWMONT Corp /DE/,filter1,growth 15% <= 20%
NPO,1164863,Enpro Inc.,filter1,growth 18% <= 20%
WHG,1165002,WESTWOOD HOLDINGS GROUP INC,filter1,growth 10% <= 20%
XPO,1166003,"XPO, Inc.",filter1,growth 13% <= 20%
CCZ,1166691,COMCAST CORP,filter1,growth -1% <= 20%
RIOT,1167419,"Riot Platforms, Inc.",filter1,growth 14% <= 20%
PLBC,1168455,PLUMAS BANCORP,filter1,stale fundamentals
CVLT,1169561,COMMVAULT SYSTEMS INC,filter1,growth 11% <= 20%
BANC,1169770,"BANC OF CALIFORNIA, INC.",filter1,growth -60% <= 20%
KMX,1170010,CARMAX INC,filter1,growth 6% <= 20%
RLGT,1171155,"RADIANT LOGISTICS, INC",filter1,growth 19% <= 20%
NRP,1171486,NATURAL RESOURCE PARTNERS LP,filter1,stale fundamentals
RRGB,1171759,RED ROBIN GOURMET BURGERS INC,filter1,growth -2% <= 20%
SAFT,1172052,SAFETY INSURANCE GROUP INC,filter1,growth 3% <= 20%
DMLP,1172358,"DORCHESTER MINERALS, L.P.",filter1,gross margin unavailable
CNVS,1173204,Cineverse Corp.,filter1,gross margin unavailable
ABVC,1173313,"ABVC BIOPHARMA, INC.",filter1,stale fundamentals
NG,1173420,NOVAGOLD RESOURCES INC,filter1,stale fundamentals
CEVA,1173489,CEVA INC,filter1,growth 13% <= 20%
HY,1173514,"HYSTER-YALE, INC.",filter1,growth -15% <= 20%
WYNN,1174922,WYNN RESORTS LTD,filter1,growth 7% <= 20%
OGEN,1174940,ORAGENICS INC,filter1,stale fundamentals
CTSO,1175151,Cytosorbents Corp,filter1,growth 0% <= 20%
CPAY,1175454,"CORPAY, INC.",filter1,not accelerating (0/1 qtrs)
ORMP,1176309,ORAMED PHARMACEUTICALS INC.,filter1,stale fundamentals
MMLP,1176334,MARTIN MIDSTREAM PARTNERS L.P.,filter1,growth 18% <= 20%
ARES,1176948,Ares Management Corp,filter1,growth 6% <= 20%
FIVE,1177609,"FIVE BELOW, INC",filter1,not accelerating (0/1 qtrs)
ENTA,1177648,ENANTA PHARMACEUTICALS INC,filter1,growth -22% <= 20%
SAIA,1177702,SAIA INC,filter1,growth 17% <= 20%
SCYX,1178253,SCYNEXIS INC,filter1,growth -83% <= 20%
ALNY,1178670,"ALNYLAM PHARMACEUTICALS, INC.",filter1,not accelerating (0/1 qtrs)
SONM,1178697,"DNA X, Inc.",filter1,stale fundamentals
PFS,1178970,PROVIDENT FINANCIAL SERVICES INC,filter1,growth 7% <= 20%
MOH,1179929,"MOLINA HEALTHCARE, INC.",filter1,growth -5% <= 20%
HLF,1180262,HERBALIFE LTD.,filter1,growth 5% <= 20%
SPCX,1181412,SPACE EXPLORATION TECHNOLOGIES CORP,filter1,not accelerating (0/1 qtrs)
PRAA,1185348,PRA GROUP INC,filter1,gross margin unavailable
CELZ,1187953,"CREATIVE MEDICAL TECHNOLOGY HOLDINGS, INC.",filter1,no YoY growth
NEUP,1191070,Neuphoria Therapeutics Inc.,filter1,stale fundamentals
CDXS,1200375,"CODEXIS, INC.",filter1,growth -3% <= 20%
APEI,1201792,AMERICAN PUBLIC EDUCATION INC,filter1,growth 6% <= 20%
SGI,1206264,SOMNIGROUP INTERNATIONAL INC.,filter1,growth -3% <= 20%
FA,1210677,FIRST ADVANTAGE CORP,filter1,growth 15% <= 20%
STRR,1210708,"Star Equity Holdings, Inc.",filter1,not accelerating (0/1 qtrs)
FENC,1211583,FENNEC PHARMACEUTICALS INC.,filter1,gross margin unavailable
MYSZ,1211805,"My Size, Inc.",filter1,not accelerating (0/1 qtrs)
WAL,1212545,WESTERN ALLIANCE BANCORPORATION,filter1,not accelerating (0/1 qtrs)
CRDF,1213037,"Cardiff Oncology, Inc.",filter1,growth -14% <= 20%
DYAI,1213809,DYADIC INTERNATIONAL INC,filter1,growth -1% <= 20%
AXS,1214816,AXIS CAPITAL HOLDINGS LTD,filter1,growth 8% <= 20%
CDNA,1217234,"CareDx, Inc.",filter1,gross margin unavailable
BGDE,1218683,"Big Digital Energy, Inc.",filter1,growth -35% <= 20%
CCK,1219601,"CROWN HOLDINGS, INC.",filter1,growth 16% <= 20%
MCHX,1224133,MARCHEX INC,filter1,growth -6% <= 20%
CNO,1224608,"CNO Financial Group, Inc.",filter1,growth 12% <= 20%
MNOV,1226616,MEDICINOVA INC,filter1,not accelerating (0/1 qtrs)
STIM,1227636,"Neuronetics, Inc.",filter1,growth 9% <= 20%
CMP,1227654,COMPASS MINERALS INTERNATIONAL INC,filter1,growth 0% <= 20%
IRD,1228627,"Opus Genetics, Inc.",filter1,growth -74% <= 20%
PIPR,1230245,PIPER SANDLER COMPANIES,filter1,not accelerating (0/1 qtrs)
GNLX,1231457,GENELUX Corp,filter1,stale fundamentals
JAZZ,1232524,Jazz Pharmaceuticals plc,filter1,growth 16% <= 20%
AHT,1232582,ASHFORD HOSPITALITY TRUST INC,filter1,growth -10% <= 20%
GOOD,1234006,GLADSTONE COMMERCIAL CORP,filter1,growth 11% <= 20%
LQDT,1235468,LIQUIDITY SERVICES INC,filter1,growth 8% <= 20%
CVRX,1235912,"CVRx, Inc.",filter1,growth 16% <= 20%
QXO,1236275,"QXO, Inc.",filter1,not accelerating (0/1 qtrs)
GMED,1237831,GLOBUS MEDICAL INC,filter1,growth 6% <= 20%
CBIO,1253689,"CRESCENT BIOPHARMA, INC.",filter1,no YoY growth
ABR,1253986,ARBOR REALTY TRUST INC,filter1,stale fundamentals
QVCG,1254699,"QVC Group, Inc.",filter1,growth -11% <= 20%
KRO,1257640,KRONOS WORLDWIDE INC,filter1,growth 13% <= 20%
NNI,1258602,NELNET INC,filter1,stale fundamentals
DOCU,1261333,"DOCUSIGN, INC.",filter1,growth 9% <= 20%
UTI,1261654,UNIVERSAL TECHNICAL INSTITUTE INC,filter1,growth 7% <= 20%
LITS,1262104,"Lite Strategy, Inc.",filter1,stale fundamentals
WLK,1262823,WESTLAKE CORP,filter1,growth 11% <= 20%
CMPR,1262976,CIMPRESS plc,filter1,growth 9% <= 20%
COPR,1263364,Idaho Copper Corp,filter1,stale fundamentals
HTH,1265131,Hilltop Holdings Inc.,filter1,stale fundamentals
VANI,1266806,"Vivani Medical, Inc.",filter1,stale fundamentals
AIZ,1267238,"ASSURANT, INC.",filter1,growth 9% <= 20%
AHL-PD,1267395,ASPEN INSURANCE HOLDINGS LTD,filter1,stale fundamentals
COLL,1267565,"COLLEGIUM PHARMACEUTICAL, INC",filter1,growth 6% <= 20%
COHN,1270436,Cohen & Co Inc.,filter1,growth 16% <= 20%
AIRG,1272842,AIRGAIN INC,filter1,growth 1% <= 20%
GTE,1273441,GRAN TIERRA ENERGY INC.,filter1,gross margin unavailable
AGO,1273813,ASSURED GUARANTY LTD,filter1,growth -31% <= 20%
FSLR,1274494,"FIRST SOLAR, INC.",filter1,growth -4% <= 20%
XGN,1274737,EXAGEN INC.,filter1,growth 16% <= 20%
BOTJ,1275101,BANK OF THE JAMES FINANCIAL GROUP INC,filter1,growth 18% <= 20%
NDLS,1275158,NOODLES & Co,filter1,growth 0% <= 20%
ANGO,1275187,ANGIODYNAMICS INC,filter1,growth 8% <= 20%
ET,1276187,Energy Transfer LP,filter1,gross margin falling (-5.5%)
GNW,1276520,GENWORTH FINANCIAL INC,filter1,growth 6% <= 20%
MVBF,1277902,MVB FINANCIAL CORP,filter1,stale fundamentals
MKTX,1278021,MARKETAXESS HOLDINGS INC,filter1,growth -0% <= 20%
BGS,1278027,"B&G Foods, Inc.",filter1,growth -10% <= 20%
IAU,1278680,ISHARES GOLD TRUST,filter1,stale fundamentals
BLKB,1280058,BLACKBAUD INC,filter1,growth 3% <= 20%
AMBA,1280263,AMBARELLA INC,filter1,growth 13% <= 20%
RCKT,1281895,"ROCKET PHARMACEUTICALS, INC.",filter1,no YoY growth
DLPN,1282224,"Dolphin Entertainment, Inc.",filter1,growth 3% <= 20%
NEU,1282637,NEWMARKET CORP,filter1,growth 7% <= 20%
BATL,1282648,BATTALION OIL CORP,filter1,growth 12% <= 20%
TMUS,1283699,"T-Mobile US, Inc.",filter1,growth 8% <= 20%
CNS,1284812,"COHEN & STEERS, INC.",filter1,growth 12% <= 20%
CLPT,1285550,"ClearPoint Neuro, Inc.",filter1,growth 18% <= 20%
MOS,1285785,MOSAIC CO,filter1,growth -6% <= 20%
OMER,1285819,OMEROS CORP,filter1,no YoY growth
KRG,1286043,KITE REALTY GROUP TRUST,filter1,growth -8% <= 20%
LZ,1286139,"LEGALZOOM.COM, INC.",filter1,growth 7% <= 20%
LINC,1286613,LINCOLN EDUCATIONAL SERVICES CORP,filter1,gross margin falling (-1.3%)
DPZ,1286681,DOMINOS PIZZA INC,filter1,growth 4% <= 20%
MXCT,1287098,"MAXCYTE, INC.",filter1,growth -15% <= 20%
PLOW,1287213,"DOUGLAS DYNAMICS, INC",filter1,growth 10% <= 20%
MPT,1287865,MEDICAL PROPERTIES TRUST INC,filter1,growth 13% <= 20%
WTI,1288403,W&T OFFSHORE INC,filter1,gross margin unavailable
FIVN,1288847,"Five9, Inc.",filter1,growth 10% <= 20%
ENS,1289308,EnerSys,filter1,growth 5% <= 20%
STXS,1289340,"Stereotaxis, Inc.",filter1,growth -13% <= 20%
MORN,1289419,"Morningstar, Inc.",filter1,growth 10% <= 20%
TXRH,1289460,"Texas Roadhouse, Inc.",filter1,growth 11% <= 20%
EXR,1289490,Extra Space Storage Inc.,filter1,growth 4% <= 20%
HURN,1289848,Huron Consulting Group Inc.,filter1,growth 12% <= 20%
SPOK,1289945,"Spok Holdings, Inc",filter1,growth -2% <= 20%
TPB,1290677,"Turning Point Brands, Inc.",filter1,not accelerating (0/1 qtrs)
CVGI,1290900,"Commercial Vehicle Group, Inc.",filter1,growth 14% <= 20%
INGN,1294133,Inogen Inc,filter1,growth 3% <= 20%
SHO,1295810,"Sunstone Hotel Investors, Inc.",filter1,growth 7% <= 20%
PBH,1295947,Prestige Consumer Healthcare Inc.,filter1,growth 6% <= 20%
ORA,1296445,"ORMAT TECHNOLOGIES, INC.",filter1,growth 11% <= 20%
COSO,1297107,"CoastalSouth Bancshares, Inc.",filter1,growth 5% <= 20%
AMPH,1297184,"Amphastar Pharmaceuticals, Inc.",filter1,growth 5% <= 20%
EXLS,1297989,"ExlService Holdings, Inc.",filter1,growth 14% <= 20%
DLR,1297996,"DIGITAL REALTY TRUST, INC.",filter1,growth 16% <= 20%
CUBE,1298675,CubeSmart,filter1,growth 3% <= 20%
DRH,1298946,DiamondRock Hospitality Co,filter1,growth 4% <= 20%
PACB,1299130,"PACIFIC BIOSCIENCES OF CALIFORNIA, INC.",filter1,growth -2% <= 20%
AX,1299709,"Axos Financial, Inc.",filter1,stale fundamentals
LVS,1300514,LAS VEGAS SANDS CORP,filter1,growth -1% <= 20%
BXC,1301787,BlueLinx Holdings Inc.,filter1,growth 4% <= 20%
HLI,1302215,"HOULIHAN LOKEY, INC.",filter1,growth -16% <= 20%
ATEX,1304492,Anterix Inc.,filter1,gross margin unavailable
CE,1306830,Celanese Corp,filter1,growth 9% <= 20%
LIQT,1307579,LIQTECH INTERNATIONAL INC,filter1,growth -12% <= 20%
IVT,1307748,InvenTrust Properties Corp.,filter1,growth 13% <= 20%
HUN,1307954,Huntsman CORP,filter1,growth 1% <= 20%
ULH,1308208,"UNIVERSAL LOGISTICS HOLDINGS, INC.",filter1,growth -4% <= 20%
DLB,1308547,"Dolby Laboratories, Inc.",filter1,growth -3% <= 20%
WEX,1309108,WEX Inc.,filter1,growth 14% <= 20%
GPRE,1309402,Green Plains Inc.,filter1,growth -19% <= 20%
LAZ,1311370,"Lazard, Inc.",filter1,growth 16% <= 20%
EYPT,1314102,"EyePoint, Inc.",filter1,growth -90% <= 20%
OLB,1314196,"OLB GROUP, INC.",filter1,growth -44% <= 20%
SONO,1314727,Sonos Inc,filter1,growth 9% <= 20%
RBLX,1315098,Roblox Corp,filter1,not accelerating (0/1 qtrs)
KOP,1315257,Koppers Holdings Inc.,filter1,growth 3% <= 20%
BLDR,1316835,"Builders FirstSource, Inc.",filter1,growth -9% <= 20%
ALH,1317685,Alliance Laundry Holdings Inc.,filter1,growth 7% <= 20%
OFLX,1317945,"Omega Flex, Inc.",filter1,growth -6% <= 20%
ZUMZ,1318008,Zumiez Inc,filter1,growth -2% <= 20%
WCN,1318220,"Waste Connections, Inc.",filter1,growth 6% <= 20%
CTRN,1318484,Citi Trends Inc,filter1,growth 11% <= 20%
TSLA,1318605,"Tesla, Inc.",filter1,gross margin falling (-1.2%)
WMG,1319161,Warner Music Group Corp.,filter1,growth 10% <= 20%
DBI,1319947,Designer Brands Inc.,filter1,growth -1% <= 20%
LNSR,1320350,"LENSAR, Inc.",filter1,growth 18% <= 20%
CPS,1320461,Cooper-Standard Holdings Inc.,filter1,growth 2% <= 20%
TSSI,1320760,"TSS, Inc.",filter1,growth -20% <= 20%
RAIL,1320854,"FreightCar America, Inc.",filter1,growth -5% <= 20%
PEN,1321732,Penumbra Inc,filter1,growth 15% <= 20%
QCLS,1321834,"Q/C TECHNOLOGIES, INC.",filter1,stale fundamentals
ATRC,1323885,"AtriCure, Inc.",filter1,growth 13% <= 20%
CF,1324404,"CF Industries Holdings, Inc.",filter1,growth 18% <= 20%
EXPE,1324424,"Expedia Group, Inc.",filter1,growth 14% <= 20%
RBC,1324948,RBC Bearings INC,filter1,growth 19% <= 20%
IRMD,1325618,IRADIMED CORP,filter1,growth 0% <= 20%
MX,1325702,MAGNACHIP SEMICONDUCTOR Corp,filter1,growth -6% <= 20%
LWLG,1325964,"Lightwave Logic, Inc.",filter1,not accelerating (0/1 qtrs)
IBRX,1326110,"ImmunityBio, Inc.",filter1,not accelerating (0/1 qtrs)
DUK,1326160,Duke Energy CORP,filter1,growth 9% <= 20%
ALT,1326190,"Altimmune, Inc.",filter1,stale fundamentals
GNK,1326200,GENCO SHIPPING & TRADING LTD,filter1,gross margin unavailable
IGC,1326205,"IGC Pharma, Inc.",filter1,growth -19% <= 20%
GME,1326380,GameStop Corp.,filter1,growth -19% <= 20%
XNCR,1326732,Xencor Inc,filter1,growth 17% <= 20%
META,1326801,"Meta Platforms, Inc.",filter1,not accelerating (0/1 qtrs)
USO,1327068,"United States Oil Fund, LP",filter1,growth -45% <= 20%
PANW,1327567,Palo Alto Networks Inc,filter1,gross margin falling (-6.6%)
MYFW,1327607,First Western Financial Inc,filter1,gross margin unavailable
WDAY,1327811,"Workday, Inc.",filter1,growth 13% <= 20%
BCC,1328581,BOISE CASCADE Co,filter1,growth 5% <= 20%
FXE,1328598,Invesco CurrencyShares Euro Trust,filter1,growth -22% <= 20%
TPCS,1328792,TECHPRECISION CORP,filter1,gross margin falling (-11.7%)
CETY,1329606,"Clean Energy Technologies, Inc.",filter1,not accelerating (0/1 qtrs)
SLV,1330568,iShares Silver Trust,filter1,stale fundamentals
FNF,1331875,"Fidelity National Financial, Inc.",filter1,growth 11% <= 20%
GSG,1332174,iShares S&P GSCI Commodity-Indexed Trust,filter1,growth -22% <= 20%
BKD,1332349,Brookdale Senior Living Inc.,filter1,growth -12% <= 20%
ACR,1332551,ACRES Commercial Realty Corp.,filter1,growth -4% <= 20%
MERC,1333274,MERCER INTERNATIONAL INC.,filter1,growth 1% <= 20%
EHTH,1333493,"eHealth, Inc.",filter1,growth -45% <= 20%
LEDS,1333822,SemiLEDs Corp,filter1,growth -49% <= 20%
EQH,1333986,"Equitable Holdings, Inc.",filter1,growth -30% <= 20%
CROX,1334036,"Crocs, Inc.",filter1,growth 3% <= 20%
CODA,1334325,"Coda Octopus Group, Inc.",filter1,growth 9% <= 20%
UEC,1334933,URANIUM ENERGY CORP,filter1,no YoY growth
CCO,1334978,"Clear Channel Outdoor Holdings, Inc.",filter1,growth 9% <= 20%
NMAD,1335105,"NOMAD POWER SOLUTIONS, INC.",filter1,stale fundamentals
LYV,1335258,"Live Nation Entertainment, Inc.",filter1,growth 9% <= 20%
UA,1336917,"Under Armour, Inc.",filter1,growth -3% <= 20%
LDOS,1336920,"Leidos Holdings, Inc.",filter1,growth 7% <= 20%
INFU,1337013,"InfuSystem Holdings, Inc",filter1,growth 3% <= 20%
FEMY,1339005,FEMASYS INC,filter1,growth -19% <= 20%
ATYR,1339970,aTYR PHARMA INC,filter1,stale fundamentals
ORCL,1341439,ORACLE CORP,filter1,gross margin unavailable
CELH,1341766,"Celsius Holdings, Inc.",filter1,growth 11% <= 20%
LMNR,1342423,Limoneira CO,filter1,growth -8% <= 20%
KUST,1342958,"KUSTOM ENTERTAINMENT, INC.",filter1,not accelerating (0/1 qtrs)
YELP,1345016,YELP INC,filter1,growth 1% <= 20%
CODI,1345126,Compass Diversified Holdings,filter1,growth -11% <= 20%
TVRD,1346830,"Tvardi Therapeutics, Inc.",filter1,stale fundamentals
VNDA,1347178,Vanda Pharmaceuticals Inc.,filter1,growth -4% <= 20%
XXII,1347858,"22nd Century Group, Inc.",filter1,growth -30% <= 20%
LEXX,1348362,Lexaria Bioscience Corp.,filter1,growth -100% <= 20%
SD,1349436,SANDRIDGE ENERGY INC,filter1,gross margin unavailable
ASTI,1350102,"Ascent Solar Technologies, Inc.",filter1,not accelerating (0/1 qtrs)
MWA,1350593,"Mueller Water Products, Inc.",filter1,growth 4% <= 20%
ATEC,1350653,"Alphatec Holdings, Inc.",filter1,growth 15% <= 20%
SSTI,1351636,"SOUNDTHINKING, INC.",filter1,growth -8% <= 20%
EPAM,1352010,"EPAM Systems, Inc.",filter1,growth 5% <= 20%
FXB,1353611,Invesco CurrencyShares British Pound Sterling Trust,filter1,growth -14% <= 20%
FXC,1353612,Invesco CurrencyShares Canadian Dollar Trust,filter1,growth -49% <= 20%
FXY,1353613,Invesco CurrencyShares Japanese Yen Trust,filter1,no YoY growth
FXA,1353614,Invesco CurrencyShares Australian Dollar Trust,filter1,gross margin unavailable
FXF,1353615,Invesco CurrencyShares Swiss Franc Trust,filter1,no YoY growth
BYRN,1354866,Byrna Technologies Inc.,filter1,growth -43% <= 20%
IPM,1355839,INTELLIGENT PROTECTION MANAGEMENT CORP.,filter1,growth 13% <= 20%
TOON,1355848,"Kartoon Studios, Inc.",filter1,growth -43% <= 20%
PGEN,1356090,"PRECIGEN, INC.",filter1,not accelerating (0/1 qtrs)
CREX,1356093,"CREATIVE REALITIES, INC.",filter1,not accelerating (0/1 qtrs)
NXDT,1356115,NEXPOINT DIVERSIFIED REAL ESTATE TRUST,filter1,growth -8% <= 20%
SUPN,1356576,"SUPERNUS PHARMACEUTICALS, INC.",filter1,gross margin falling (-5.5%)
PALI,1357459,"PALISADE BIO, INC.",filter1,no YoY growth
KBR,1357615,"KBR, INC.",filter1,growth 2% <= 20%
DTIL,1357874,PRECISION BIOSCIENCES INC,filter1,growth -100% <= 20%
ESOA,1357971,Energy Services of America CORP,filter1,gross margin falling (-1.6%)
ITP,1358190,"IT TECH PACKAGING, INC.",filter1,stale fundamentals
TARA,1359931,"Protara Therapeutics, Inc.",filter1,stale fundamentals
HROW,1360214,"HARROW, INC.",filter1,growth 11% <= 20%
WFCF,1360565,"Where Food Comes From, Inc.",filter1,growth 1% <= 20%
HR,1360604,Healthcare Realty Trust Inc,filter1,growth -5% <= 20%
EVR,1360901,Evercore Inc.,filter1,growth 19% <= 20%
VRNS,1361113,VARONIS SYSTEMS INC,filter1,growth 18% <= 20%
PRIM,1361538,Primoris Services Corp,filter1,growth -11% <= 20%
TNL,1361658,Travel & Leisure Co.,filter1,growth 4% <= 20%
ICFI,1362004,"ICF International, Inc.",filter1,growth -0% <= 20%
AEYE,1362190,AUDIOEYE INC,filter1,growth 9% <= 20%
ALGT,1362468,Allegiant Travel CO,filter1,gross margin unavailable
DEI,1364250,Douglas Emmett Inc,filter1,growth 2% <= 20%
HRI,1364479,HERC HOLDINGS INC,filter1,not accelerating (0/1 qtrs)
CHGG,1364954,"CHEGG, INC",filter1,growth -51% <= 20%
WU,1365135,Western Union CO,filter1,growth -1% <= 20%
GSAT,1366868,"Globalstar, Inc.",filter1,growth -4% <= 20%
EBS,1367644,Emergent BioSolutions Inc.,filter1,gross margin falling (-4.3%)
CLNE,1368265,Clean Energy Fuels Corp.,filter1,growth 4% <= 20%
SBH,1368458,"Sally Beauty Holdings, Inc.",filter1,growth 0% <= 20%
ADMA,1368514,"ADMA BIOLOGICS, INC.",filter1,growth 2% <= 20%
AVAV,1368622,AeroVironment Inc,filter1,growth 6% <= 20%
ANAB,1370053,"ANAPTYSBIO, INC",filter1,growth -8% <= 20%
ETSY,1370637,ETSY INC,filter1,growth 6% <= 20%
OC,1370946,Owens Corning,filter1,growth 0% <= 20%
TRUP,1371285,"TRUPANION, INC.",filter1,growth 11% <= 20%
III,1371489,Information Services Group Inc.,filter1,growth 6% <= 20%
OCGN,1372299,"Ocugen, Inc.",filter1,growth 8% <= 20%
KPRX,1372514,KIORA PHARMACEUTICALS INC,filter1,stale fundamentals
BOX,1372612,BOX INC,filter1,growth 9% <= 20%
GRBK,1373670,"Green Brick Partners, Inc.",filter1,growth -9% <= 20%
NOW,1373715,"ServiceNow, Inc.",filter1,gross margin falling (-6.6%)
CBOE,1374310,"Cboe Global Markets, Inc.",filter1,gross margin falling (-2.3%)
FTLF,1374328,"FITLIFE BRANDS, INC.",filter1,gross margin unavailable
LRMR,1374690,"Larimar Therapeutics, Inc.",filter1,stale fundamentals
URG,1375205,UR-ENERGY INC,filter1,not accelerating (0/1 qtrs)
SMCI,1375365,"Super Micro Computer, Inc.",filter1,not accelerating (0/1 qtrs)
CVI,1376139,CVR ENERGY INC,filter1,gross margin falling (-24.5%)
UNG,1376227,"United States Natural Gas Fund, LP",filter1,stale fundamentals
CNET,1376321,ZW Data Action Technologies Inc.,filter1,growth 19% <= 20%
MDXG,1376339,"MIMEDX GROUP, INC.",filter1,growth -35% <= 20%
TVE,1376986,Tennessee Valley Authority,filter1,stale fundamentals
PTGX,1377121,"Protagonist Therapeutics, Inc",filter1,gross margin unavailable
NCMI,1377630,"National CineMedia, Inc.",filter1,growth 13% <= 20%
AVNW,1377789,"AVIAT NETWORKS, INC.",filter1,growth 5% <= 20%
CV,1378325,"CapsoVision, Inc",filter1,growth 10% <= 20%
BLIN,1378590,"Bridgeline Digital, Inc.",filter1,growth 2% <= 20%
PRTS,1378950,"CarParts.com, Inc.",filter1,growth -11% <= 20%
NNVC,1379006,"NANOVIRICIDES, INC.",filter1,no YoY growth
EIG,1379041,"Employers Holdings, Inc.",filter1,growth -11% <= 20%
RPID,1380106,"RAPID MICRO BIOSYSTEMS, INC.",filter1,growth 11% <= 20%
IBKR,1381197,"Interactive Brokers Group, Inc.",filter1,gross margin unavailable
TFSL,1381668,TFS Financial CORP,filter1,stale fundamentals
STRO,1382101,"SUTRO BIOPHARMA, INC.",filter1,growth -85% <= 20%
SCNX,1382574,"Scienture Holdings, Inc.",filter1,no YoY growth
BR,1383312,"BROADRIDGE FINANCIAL SOLUTIONS, INC.",filter1,growth 7% <= 20%
CQP,1383650,"Cheniere Energy Partners, L.P.",filter1,growth 5% <= 20%
VCYT,1384101,"VERACYTE, INC.",filter1,growth 15% <= 20%
REI,1384195,"RING ENERGY, INC.",filter1,gross margin unavailable
RNG,1384905,"RingCentral, Inc.",filter1,growth 6% <= 20%
TEL,1385157,TE Connectivity plc,filter1,growth 14% <= 20%
CNK,1385280,"Cinemark Holdings, Inc.",filter1,growth 19% <= 20%
GLRE,1385613,"GREENLIGHT CAPITAL RE, LTD.",filter1,growth -14% <= 20%
AYTU,1385818,"AYTU BIOPHARMA, INC",filter1,growth 6% <= 20%
GDOT,1386278,GREEN DOT CORP,filter1,growth 18% <= 20%
RSSS,1386301,"Research Solutions, Inc.",filter1,growth -3% <= 20%
NAGE,1386570,"Niagen Bioscience, Inc.",filter1,growth -4% <= 20%
AOSL,1387467,ALPHA & OMEGA SEMICONDUCTOR Ltd,filter1,growth -3% <= 20%
ATNM,1388320,"Actinium Pharmaceuticals, Inc.",filter1,no YoY growth
IRTC,1388658,"iRhythm Holdings, Inc.",filter1,not accelerating (0/1 qtrs)
AROC,1389050,"Archrock, Inc.",filter1,growth -3% <= 20%
TRGP,1389170,Targa Resources Corp.,filter1,growth 4% <= 20%
SDEV,1389545,Stablecoin Development Corp,filter1,no YoY growth
SLS,1390478,"SELLAS Life Sciences Group, Inc.",filter1,stale fundamentals
BNY,1390777,Bank of New York Mellon Corp,filter1,stale fundamentals
GEVO,1392380,"Gevo, Inc.",filter1,growth 7% <= 20%
SURG,1392694,"SurgePays, Inc.",filter1,not accelerating (0/1 qtrs)
VEEV,1393052,VEEVA SYSTEMS INC,filter1,growth 18% <= 20%
PSA,1393311,Public Storage,filter1,growth 3% <= 20%
OCUL,1393434,"OCULAR THERAPEUTIX, INC",filter1,growth 0% <= 20%
AMWL,1393584,American Well Corp,filter1,growth -27% <= 20%
TIPT,1393726,TIPTREE INC.,filter1,growth -100% <= 20%
BX,1393818,Blackstone Inc.,filter1,gross margin unavailable
DHX,1393883,"DHI GROUP, INC.",filter1,growth -2% <= 20%
OSS,1394056,"ONE STOP SYSTEMS, INC.",filter1,not accelerating (0/1 qtrs)
SNDX,1395937,Syndax Pharmaceuticals Inc,filter1,not accelerating (0/1 qtrs)
OPLN,1395942,"OPENLANE, Inc.",filter1,growth 15% <= 20%
VMC,1396009,Vulcan Materials CO,filter1,growth 7% <= 20%
DUOT,1396536,"DUOS TECHNOLOGIES GROUP, INC.",filter1,not accelerating (0/1 qtrs)
PCRX,1396814,"Pacira BioSciences, Inc.",filter1,growth 6% <= 20%
UGA,1396878,"United States Gasoline Fund, LP",filter1,no YoY growth
OPXS,1397016,Optex Systems Holdings Inc,filter1,growth -12% <= 20%
IVDA,1397183,"Iveda Solutions, Inc.",filter1,growth -48% <= 20%
LULU,1397187,lululemon athletica inc.,filter1,growth -4% <= 20%
LPLA,1397911,LPL Financial Holdings Inc.,filter1,not accelerating (0/1 qtrs)
G,1398659,Genpact LTD,filter1,growth 7% <= 20%
STKS,1399520,"ONE Group Hospitality, Inc.",filter1,growth -3% <= 20%
SGMT,1400118,Sagimet Biosciences Inc.,filter1,stale fundamentals
HCI,1400810,"HCI Group, Inc.",filter1,growth 11% <= 20%
IHRT,1400891,"iHeartMedia, Inc.",filter1,growth 5% <= 20%
DMAC,1401040,DiaMedica Therapeutics Inc.,filter1,stale fundamentals
FET,1401257,"FORUM ENERGY TECHNOLOGIES, INC.",filter1,growth 8% <= 20%
ACIC,1401521,AMERICAN COASTAL INSURANCE Corp,filter1,growth -4% <= 20%
PBYI,1401667,"PUMA BIOTECHNOLOGY, INC.",filter1,growth 8% <= 20%
DARE,1401914,"Dare Bioscience, Inc.",filter1,no YoY growth
CDW,1402057,CDW Corp,filter1,growth 10% <= 20%
SBFM,1402328,Sunshine Biopharma Inc.,filter1,growth -2% <= 20%
SSNC,1402436,SS&C Technologies Holdings Inc,filter1,growth 10% <= 20%
ORN,1402829,Orion Group Holdings Inc,filter1,growth 15% <= 20%
V,1403161,VISA INC.,filter1,growth 17% <= 20%
OAK-PA,1403528,"Brookfield Oaktree Holdings, LLC",filter1,growth -25% <= 20%
ULTA,1403568,"Ulta Beauty, Inc.",filter1,growth 9% <= 20%
ELDN,1404281,"Eledon Pharmaceuticals, Inc.",filter1,stale fundamentals
NGNE,1404644,Neurogene Inc.,filter1,stale fundamentals
HUBS,1404655,HUBSPOT INC,filter1,growth 20% <= 20%
KKR,1404912,KKR & Co. Inc.,filter1,growth 13% <= 20%
IDCC,1405495,"InterDigital, Inc.",filter1,growth -13% <= 20%
UNL,1405513,"United States 12 Month Natural Gas Fund, LP",filter1,growth 0% <= 20%
USL,1405528,"United States 12 Month Oil Fund, LP",filter1,no YoY growth
FOR,1406587,Forestar Group Inc.,filter1,growth 4% <= 20%
CALX,1406666,"CALIX, INC",filter1,not accelerating (0/1 qtrs)
GPK,1408075,GRAPHIC PACKAGING HOLDING CO,filter1,growth -1% <= 20%
MSCI,1408198,MSCI Inc.,filter1,growth 12% <= 20%
MIST,1408443,Milestone Pharmaceuticals Inc.,filter1,no YoY growth
TITN,1409171,Titan Machinery Inc.,filter1,growth -9% <= 20%
HAPN,1409970,"Happen, Inc.",filter1,growth 6% <= 20%
CRMD,1410098,CorMedix Inc.,filter1,not accelerating (0/1 qtrs)
QTWO,1410384,"Q2 Holdings, Inc.",filter1,growth 13% <= 20%
XWEL,1410428,"XWELL, Inc.",filter1,growth -7% <= 20%
AWK,1410636,"American Water Works Company, Inc.",filter1,growth 6% <= 20%
ALSN,1411207,Allison Transmission Holdings Inc,filter1,gross margin falling (-14.6%)
AMC,1411579,"AMC ENTERTAINMENT HOLDINGS, INC.",filter1,growth 14% <= 20%
VTGN,1411685,"Vistagen Therapeutics, Inc.",filter1,not accelerating (0/1 qtrs)
MHLA,1412100,"Maiden Holdings, Ltd.",filter1,stale fundamentals
PHR,1412408,"Phreesia, Inc.",filter1,growth 10% <= 20%
COCP,1412486,"Cocrystal Pharma, Inc.",filter1,no YoY growth
PM,1413329,Philip Morris International Inc.,filter1,growth 10% <= 20%
NXPI,1413447,NXP Semiconductors N.V.,filter1,growth 12% <= 20%
NCPL,1414767,Netcapital Inc.,filter1,stale fundamentals
AGQ,1415311,ProShares Trust II,filter1,not accelerating (0/1 qtrs)
ECHO,1415404,EchoStar CORP,filter1,growth -4% <= 20%
SNWV,1417663,"SANUWAVE Health, Inc.",filter1,growth -4% <= 20%
IVF,1417926,"INVO Fertility, Inc.",filter1,growth 17% <= 20%
APLE,1418121,"Apple Hospitality REIT, Inc.",filter1,growth 5% <= 20%
KDP,1418135,Keurig Dr Pepper Inc.,filter1,gross margin falling (-12.4%)
IRDM,1418819,Iridium Communications Inc.,filter1,growth 4% <= 20%
RTB,1419275,"RTB Digital, Inc.",filter1,gross margin falling (-12.6%)
BBLG,1419554,Bone Biologics Corp,filter1,stale fundamentals
SEDG,1419612,"SOLAREDGE TECHNOLOGIES, INC.",filter1,growth 20% <= 20%
DTST,1419951,Data Storage Corp,filter1,growth 9% <= 20%
ATOM,1420520,Atomera Inc,filter1,no YoY growth
RNTX,1420565,"Rein Therapeutics, Inc.",filter1,no YoY growth
IBIO,1420720,"iBio, Inc.",filter1,growth -100% <= 20%
ENOV,1420800,Enovis CORP,filter1,growth 3% <= 20%
IPI,1421461,"Intrepid Potash, Inc.",filter1,growth -1% <= 20%
ERII,1421517,"Energy Recovery, Inc.",filter1,growth -57% <= 20%
WHWK,1422142,"Whitehawk Therapeutics, Inc.",filter1,no YoY growth
KURA,1422143,"Kura Oncology, Inc.",filter1,not accelerating (0/1 qtrs)
SGLY,1422892,Singularity Future Technology Ltd.,filter1,growth 11% <= 20%
PUBM,1422930,"PubMatic, Inc.",filter1,growth 11% <= 20%
NX,1423221,Quanex Building Products CORP,filter1,growth 1% <= 20%
PCB,1423869,PCB BANCORP,filter1,growth 12% <= 20%
WES,1423902,"Western Midstream Partners, LP",filter1,gross margin falling (-4.6%)
BNL,1424182,"Broadstone Net Lease, Inc.",filter1,growth 8% <= 20%
FOXF,1424929,FOX FACTORY HOLDING CORP,filter1,growth -4% <= 20%
UAN,1425292,"CVR PARTNERS, LP",filter1,growth 20% <= 20%
SUIG,1425355,SUI Group Holdings Ltd.,filter1,growth -62% <= 20%
KIDS,1425450,ORTHOPEDIATRICS CORP,filter1,growth 15% <= 20%
ASMB,1426800,"ASSEMBLY BIOSCIENCES, INC.",filter1,not accelerating (0/1 qtrs)
HIND,1427570,"Vyome Holdings, Inc",filter1,growth -98% <= 20%
TLPH,1427925,"TALPHERA, INC.",filter1,no YoY growth
ARR,1428205,"Armour Residential REIT, Inc.",filter1,stale fundamentals
HQY,1428336,"HEALTHEQUITY, INC.",filter1,growth 8% <= 20%
FBIO,1429260,"Fortress Biotech, Inc.",filter1,growth 14% <= 20%
BLNK,1429764,Blink Charging Co.,filter1,growth -24% <= 20%
KLTR,1432133,KALTURA INC,filter1,growth 5% <= 20%
APPF,1433195,APPFOLIO INC,filter1,growth 19% <= 20%
AR,1433270,ANTERO RESOURCES Corp,filter1,not accelerating (0/1 qtrs)
NSPR,1433607,"InspireMD, Inc.",filter1,growth -0% <= 20%
HLNE,1433642,Hamilton Lane INC,filter1,gross margin unavailable
JBTM,1433660,JBT MAREL Corp,filter1,growth 5% <= 20%
FATE,1434316,FATE THERAPEUTICS INC,filter1,growth 9% <= 20%
CLIR,1434524,ClearSign Technologies Corp,filter1,gross margin falling (+5.0%)
LOPE,1434588,"Grand Canyon Education, Inc.",filter1,growth 7% <= 20%
TREE,1434621,"LendingTree, Inc.",filter1,not accelerating (0/1 qtrs)
ZVRA,1434647,"ZEVRA THERAPEUTICS, INC.",filter1,not accelerating (0/1 qtrs)
GWRS,1434728,"Global Water Resources, Inc.",filter1,gross margin unavailable
CETX,1435064,CEMTREX INC,filter1,growth 9% <= 20%
MG,1436126,"Mistras Group, Inc.",filter1,growth 4% <= 20%
BTCS,1436229,BTCS Inc.,filter1,growth -12% <= 20%
WBD,1437107,"Warner Bros. Discovery, Inc.",filter1,growth -11% <= 20%
MHH,1437226,"Mastech Digital, Inc.",filter1,growth -16% <= 20%
ARDX,1437402,"ARDELYX, INC.",filter1,gross margin falling (-1.2%)
BFAM,1437578,BRIGHT HORIZONS FAMILY SOLUTIONS INC.,filter1,growth 7% <= 20%
MRDN,1437925,Meridian Holdings Inc./NV,filter1,growth 17% <= 20%
TNDM,1438133,TANDEM DIABETES CARE INC,filter1,growth 6% <= 20%
MIAX,1438472,"MIAMI INTERNATIONAL HOLDINGS, INC.",filter1,growth 18% <= 20%
TVTX,1438533,"Travere Therapeutics, Inc.",filter1,not accelerating (0/1 qtrs)
ZWS,1439288,Zurn Elkay Water Solutions Corp,filter1,growth 11% <= 20%
BDSX,1439725,BIODESIX INC,filter1,not accelerating (0/1 qtrs)
CLW,1441236,Clearwater Paper Corp,filter1,growth -5% <= 20%
APPN,1441683,APPIAN CORP,filter1,growth 19% <= 20%
VRSK,1442145,"Verisk Analytics, Inc.",filter1,growth 4% <= 20%
QRHC,1442236,Quest Resource Holding Corp,filter1,growth 8% <= 20%
RCON,1442620,"Recon Technology, Ltd",filter1,stale fundamentals
AVBH,1443575,"Avidbank Holdings, Inc.",filter1,not accelerating (0/1 qtrs)
BAH,1443646,Booz Allen Hamilton Holding Corp,filter1,growth -4% <= 20%
PRLB,1443669,Proto Labs Inc,filter1,growth 11% <= 20%
GRCE,1444192,"Grace Therapeutics, Inc.",filter1,stale fundamentals
WK,1445305,WORKIVA INC,filter1,growth 19% <= 20%
AGPU,1446159,Axe Compute Inc.,filter1,gross margin unavailable
IRWD,1446847,IRONWOOD PHARMACEUTICALS INC,filter1,not accelerating (0/1 qtrs)
ABUS,1447028,Arbutus Biopharma Corp,filter1,growth -91% <= 20%
OPRX,1448431,OptimizeRx Corp,filter1,growth -30% <= 20%
ESNT,1448893,Essent Group Ltd.,filter1,growth 14% <= 20%
PPSI,1449792,"PIONEER POWER SOLUTIONS, INC.",filter1,growth -40% <= 20%
VIVK,1450704,"Vivakor, Inc.",filter1,growth 10% <= 20%
RIG,1451505,Transocean Ltd.,filter1,growth -2% <= 20%
SEVN,1452477,Seven Hills Realty Trust,filter1,growth 10% <= 20%
XTNT,1453593,"Xtant Medical Holdings, Inc.",filter1,growth -35% <= 20%
RNAC,1453687,"Cartesian Therapeutics, Inc.",filter1,growth -100% <= 20%
TEAD,1454938,Teads Holding Co.,filter1,growth -17% <= 20%
COLD,1455863,AMERICOLD REALTY TRUST,filter1,growth 2% <= 20%
OPI,1456772,OFFICE PROPERTIES INCOME TRUST,filter1,growth -4% <= 20%
ALRM,1459200,"Alarm.com Holdings, Inc.",filter1,growth 9% <= 20%
SIBN,1459839,"SI-BONE, Inc.",filter1,growth 15% <= 20%
FLNT,1460329,"Fluent, Inc.",filter1,growth 8% <= 20%
AIXC,1460702,"AIxCrypto Holdings, Inc.",filter1,stale fundamentals
BLZE,1462056,"Backblaze, Inc.",filter1,growth 18% <= 20%
NIXX,1462223,"Nixxy, Inc.",filter1,not accelerating (0/1 qtrs)
ASPS,1462418,ALTISOURCE PORTFOLIO SOLUTIONS S.A.,filter1,growth 17% <= 20%
ENPH,1463101,"Enphase Energy, Inc.",filter1,growth -21% <= 20%
VUZI,1463972,Vuzix Corp,filter1,growth -14% <= 20%
ATLC,1464343,Atlanticus Holdings Corp,filter1,not accelerating (0/1 qtrs)
PMT,1464423,PennyMac Mortgage Investment Trust,filter1,growth 4% <= 20%
RILY,1464790,"BRC Group Holdings, Inc.",filter1,growth 6% <= 20%
STWD,1465128,"STARWOOD PROPERTY TRUST, INC.",filter1,growth 16% <= 20%
IRT,1466085,"INDEPENDENCE REALTY TRUST, INC.",filter1,growth 3% <= 20%
TT,1466258,Trane Technologies plc,filter1,growth 11% <= 20%
OTTR,1466593,Otter Tail Corp,filter1,growth 1% <= 20%
ACN,1467373,Accenture plc,filter1,growth 6% <= 20%
DBX,1467623,"DROPBOX, INC.",filter1,growth 1% <= 20%
ARI,1467760,"Apollo Commercial Real Estate Finance, Inc.",filter1,growth -37% <= 20%
FIEE,1467761,"FiEE, Inc.",filter1,not accelerating (0/1 qtrs)
GM,1467858,General Motors Co,filter1,growth 2% <= 20%
H,1468174,Hyatt Hotels Corp,filter1,growth 1% <= 20%
RENT,1468327,"Rent the Runway, Inc.",filter1,not accelerating (0/1 qtrs)
ADUS,1468328,Addus HomeCare Corp,filter1,growth 8% <= 20%
HSCS,1468492,HeartSciences Inc.,filter1,growth 11% <= 20%
NXGL,1468929,"NEXGEL, INC.",filter1,gross margin falling (-12.3%)
RUN,1469367,Sunrun Inc.,filter1,not accelerating (0/1 qtrs)
RKDA,1469443,"Arcadia Biosciences, Inc.",filter1,growth -1% <= 20%
SRXH,1471727,SRX Global Inc.,filter1,gross margin falling (-12.1%)
BTCK,1471824,Teucrium Commodity Trust,filter1,stale fundamentals
IMNM,1472012,Immunome Inc.,filter1,growth -100% <= 20%
BNO,1472494,"United States Brent Oil Fund, LP",filter1,stale fundamentals
FAF,1472787,First American Financial Corp,filter1,growth 15% <= 20%
XMAX,1473334,XMax Inc.,filter1,growth 7% <= 20%
PEB,1474098,Pebblebrook Hotel Trust,filter1,growth -0% <= 20%
COSM,1474167,Cosmos Health Inc.,filter1,not accelerating (0/1 qtrs)
P,1474432,"Everpure, Inc.",filter1,gross margin falling (-3.9%)
NEGG,1474627,"Newegg Commerce, Inc.",filter1,stale fundamentals
GNRC,1474735,GENERAC HOLDINGS INC.,filter1,growth 11% <= 20%
BGSF,1474903,"BGSF, INC.",filter1,growth -5% <= 20%
NBHC,1475841,National Bank Holdings Corp,filter1,growth 7% <= 20%
PRI,1475922,"Primerica, Inc.",filter1,growth 9% <= 20%
MCB,1476034,Metropolitan Bank Holding Corp.,filter1,growth -1% <= 20%
CLDT,1476045,Chatham Lodging Trust,filter1,growth 9% <= 20%
TRNO,1476150,Terreno Realty Corp,filter1,growth 11% <= 20%
PECO,1476204,"Phillips Edison & Company, Inc.",filter1,growth 7% <= 20%
EXFY,1476840,"Expensify, Inc.",filter1,growth -5% <= 20%
ST,1477294,Sensata Technologies Holding plc,filter1,growth 5% <= 20%
NET,1477333,"Cloudflare, Inc.",filter1,gross margin falling (-2.2%)
TDOC,1477449,"Teladoc Health, Inc.",filter1,growth -4% <= 20%
ASAN,1477720,"Asana, Inc.",filter1,growth 10% <= 20%
SG,1477815,"Sweetgreen, Inc.",filter1,growth 4% <= 20%
ANVS,1477845,"Annovis Bio, Inc.",filter1,no YoY growth
IQV,1478242,IQVIA HOLDINGS INC.,filter1,growth 8% <= 20%
ADPT,1478320,Adaptive Biotechnologies Corp,filter1,not accelerating (0/1 qtrs)
STAG,1479094,"STAG Industrial, Inc.",filter1,growth 9% <= 20%
USCI,1479247,United States Commodity Index Funds Trust,filter1,stale fundamentals
KALA,1479419,"KALA BIO, Inc.",filter1,stale fundamentals
SLN,1479615,Silence Therapeutics plc,filter1,growth -100% <= 20%
NUTX,1479681,Nutex Health Inc.,filter1,growth -14% <= 20%
QUAD,1481792,"Quad/Graphics, Inc.",filter1,growth -8% <= 20%
HPP,1482512,"Hudson Pacific Properties, Inc.",filter1,growth -8% <= 20%
BNC,1482541,CEA Industries Inc.,filter1,no YoY growth
OM,1484612,"Outset Medical, Inc.",filter1,growth 1% <= 20%
FUBO,1484769,FuboTV Inc.,filter1,gross margin unavailable
TDUP,1484778,ThredUp Inc.,filter1,growth 17% <= 20%
CHRD,1486159,Chord Energy Corp,filter1,gross margin falling (-4.9%)
BWXT,1486957,"BWX Technologies, Inc.",filter1,growth 18% <= 20%
BRFH,1487197,BARFRESH FOOD GROUP INC.,filter1,gross margin falling (-39.9%)
VPG,1487952,"Vishay Precision Group, Inc.",filter1,growth 12% <= 20%
ATOS,1488039,"ATOSSA THERAPEUTICS, INC.",filter1,stale fundamentals
AMRC,1488139,"Ameresco, Inc.",filter1,growth 9% <= 20%
CUBI,1488813,"Customers Bancorp, Inc.",filter1,stale fundamentals
ELMD,1488917,"Electromed, Inc.",filter1,growth 12% <= 20%
LYB,1489393,LyondellBasell Industries N.V.,filter1,growth 20% <= 20%
MOBI,1489993,"Mobia Medical, Inc.",filter1,not accelerating (0/1 qtrs)
SOWG,1490161,Sow Good Inc.,filter1,stale fundamentals
GRPN,1490281,"Groupon, Inc.",filter1,growth -1% <= 20%
CFFN,1490906,"Capitol Federal Financial, Inc.",filter1,stale fundamentals
SDGR,1490978,"Schrodinger, Inc.",filter1,growth 8% <= 20%
LVO,1491419,"LiveOne, Inc.",filter1,growth 1% <= 20%
SBRA,1492298,"Sabra Health Care REIT, Inc.",filter1,gross margin unavailable
KNX,1492691,Knight-Swift Transportation Holdings Inc.,filter1,growth 1% <= 20%
TBCH,1493761,Turtle Beach Corp,filter1,growth -1% <= 20%
CARG,1494259,"CarGurus, Inc.",filter1,growth 13% <= 20%
AMBO,1494558,Ambow Education Holding Ltd.,filter1,growth -13% <= 20%
BOC,1494582,BOSTON OMAHA Corp,filter1,growth 2% <= 20%
SRTS,1494891,"Sensus Healthcare, Inc.",filter1,growth -69% <= 20%
GBLI,1494904,"Global Indemnity Group, LLC",filter1,growth 5% <= 20%
IZEA,1495231,"IZEA Worldwide, Inc.",filter1,growth -36% <= 20%
LAND,1495240,GLADSTONE LAND Corp,filter1,growth 3% <= 20%
VRA,1495320,"Vera Bradley, Inc.",filter1,growth 1% <= 20%
AGNT,1495932,"AGNT, Inc.",filter1,growth 11% <= 20%
PAYS,1496443,"Paysign, Inc.",filter1,not accelerating (0/1 qtrs)
VIVS,1497253,"VivoSim Labs, INC.",filter1,growth -51% <= 20%
INN,1497645,"Summit Hotel Properties, Inc.",filter1,growth 3% <= 20%
WD,1497770,"Walker & Dunlop, Inc.",filter1,growth -4% <= 20%
HURA,1498382,"TuHURA Biosciences, Inc./NV",filter1,no YoY growth
RBB,1499422,RBB Bancorp,filter1,growth -24% <= 20%
TSQ,1499832,"Townsquare Media, Inc.",filter1,growth -0% <= 20%
NMTC,1500198,NEUROONE MEDICAL TECHNOLOGIES Corp,filter1,growth 16% <= 20%
AAT,1500217,"American Assets Trust, Inc.",filter1,growth 2% <= 20%
GPRO,1500435,"GoPro, Inc.",filter1,growth -31% <= 20%
EU,1500881,enCore Energy Corp.,filter1,gross margin falling (-60.2%)
HII,1501585,"HUNTINGTON INGALLS INDUSTRIES, INC.",filter1,growth 11% <= 20%
CTMX,1501989,"CytomX Therapeutics, Inc.",filter1,growth -92% <= 20%
PRHI,1502292,"Presurance Holdings, Inc.",filter1,growth -43% <= 20%
CTGO,1502377,Contango Silver & Gold Inc.,filter1,stale fundamentals
QTRX,1503274,Quanterix Corp,filter1,gross margin falling (-4.3%)
KPTI,1503802,Karyopharm Therapeutics Inc.,filter1,growth -12% <= 20%
BKU,1504008,"BankUnited, Inc.",filter1,growth 19% <= 20%
NGL,1504461,NGL Energy Partners LP,filter1,gross margin falling (-6.7%)
LOOP,1504678,"Loop Industries, Inc.",filter1,growth -29% <= 20%
WRBY,1504776,Warby Parker Inc.,filter1,growth 10% <= 20%
UPLD,1505155,"Upland Software, Inc.",filter1,growth -8% <= 20%
BRTX,1505497,"BioRestorative Therapies, Inc.",filter1,growth -7% <= 20%
BWFG,1505732,"Bankwell Financial Group, Inc.",filter1,growth -1% <= 20%
HUCK,1505952,"Huckleberry.ai, Inc.",filter1,growth -4% <= 20%
CTXR,1506251,"Citius Pharmaceuticals, Inc.",filter1,no YoY growth
PINS,1506293,"PINTEREST, INC.",filter1,growth 18% <= 20%
KMI,1506307,"KINDER MORGAN, INC.",filter1,growth 11% <= 20%
NUWE,1506492,"Nuwellis, Inc.",filter1,growth 14% <= 20%
GCTK,1506983,"Glucotrack, Inc.",filter1,stale fundamentals
FND,1507079,"Floor & Decor Holdings, Inc.",filter1,growth 3% <= 20%
MARA,1507605,"MARA Holdings, Inc.",filter1,growth -27% <= 20%
IPWR,1507957,Ideal Power Inc.,filter1,gross margin unavailable
CYPH,1509745,CYPHERPUNK TECHNOLOGIES INC.,filter1,stale fundamentals
KOS,1509991,Kosmos Energy Ltd.,filter1,gross margin unavailable
RLJ,1511337,RLJ Lodging Trust,filter1,growth 5% <= 20%
UI,1511737,Ubiquiti Inc.,filter1,not accelerating (0/1 qtrs)
LIND,1512499,"LINDBLAD EXPEDITIONS HOLDINGS, INC.",filter1,growth 19% <= 20%
XYZ,1512673,"Block, Inc.",filter1,growth 9% <= 20%
CHRS,1512762,"Coherus Oncology, Inc.",filter1,not accelerating (0/1 qtrs)
NCLH,1513761,Norwegian Cruise Line Holdings Ltd.,filter1,growth 5% <= 20%
SILO,1514183,"Silo Pharma, Inc.",filter1,growth 0% <= 20%
BAND,1514416,Bandwidth Inc.,filter1,growth 20% <= 20%
SXC,1514705,"SunCoke Energy, Inc.",filter1,growth 9% <= 20%
AMCX,1514991,AMC Global Media Inc.,filter1,growth -9% <= 20%
ARQ,1515156,"Arq, Inc.",filter1,growth 5% <= 20%
RARE,1515673,Ultragenyx Pharmaceutical Inc.,filter1,gross margin unavailable
DOCS,1516513,"Doximity, Inc.",filter1,growth 7% <= 20%
AKBA,1517022,"Akebia Therapeutics, Inc.",filter1,growth -21% <= 20%
CHEF,1517175,"Chefs' Warehouse, Inc.",filter1,growth 11% <= 20%
VISN,1517228,"Vistance Networks, Inc.",filter1,growth -38% <= 20%
APAM,1517302,Artisan Partners Asset Management Inc.,filter1,growth 9% <= 20%
SPT,1517375,"Sprout Social, Inc.",filter1,growth 11% <= 20%
AMPG,1518461,"AmpliTech Group, Inc.",filter1,growth -27% <= 20%
MCHB,1518715,Mechanics Bancorp,filter1,growth 16% <= 20%
RM,1519401,Regional Management Corp.,filter1,growth 7% <= 20%
SKWD,1519449,"Skyward Specialty Insurance Group, Inc.",filter1,gross margin unavailable
SMXT,1519472,"SolarMax Technology, Inc.",filter1,not accelerating (0/1 qtrs)
FBIN,1519751,"Fortune Brands Innovations, Inc.",filter1,growth -4% <= 20%
MTDR,1520006,Matador Resources Co,filter1,gross margin unavailable
ALKS,1520262,Alkermes plc.,filter1,gross margin falling (-6.7%)
MAMA,1520358,"Mama's Creations, Inc.",filter1,not accelerating (0/1 qtrs)
ACHC,1520697,"Acadia Healthcare Company, Inc.",filter1,growth 8% <= 20%
LNTH,1521036,"Lantheus Holdings, Inc.",filter1,growth 3% <= 20%
APTV,1521332,Aptiv PLC,filter1,growth 2% <= 20%
MQ,1522540,"Marqeta, Inc.",filter1,growth 17% <= 20%
USAC,1522727,"USA Compression Partners, LP",filter1,gross margin falling (-5.7%)
TLYS,1524025,"TILLY'S, INC.",filter1,growth 8% <= 20%
VAC,1524358,MARRIOTT VACATIONS WORLDWIDE Corp,filter1,growth 6% <= 20%
XYL,1524472,Xylem Inc.,filter1,growth 2% <= 20%
WLTH,1524566,WEALTHFRONT CORP,filter1,growth 1% <= 20%
VTOL,1525221,Bristow Group Inc.,filter1,growth 9% <= 20%
PLAY,1525769,"Dave & Buster's Entertainment, Inc.",filter1,growth -2% <= 20%
GNL,1526113,"Global Net Lease, Inc.",filter1,growth -10% <= 20%
VSTM,1526119,"Verastem, Inc.",filter1,not accelerating (0/1 qtrs)
TRIP,1526520,"TripAdvisor, Inc.",filter1,growth -7% <= 20%
CG,1527166,Carlyle Group Inc.,filter1,growth -29% <= 20%
NXL,1527352,"Nexalin Technology, Inc.",filter1,growth -83% <= 20%
ATHS,1527469,Athene Holding Ltd.,filter1,gross margin unavailable
WHLR,1527541,"Wheeler Real Estate Investment Trust, Inc.",filter1,growth -14% <= 20%
LNAI,1527728,Lunai Bioworks Inc.,filter1,no YoY growth
CD,1527762,Chaince Digital Holdings Inc.,filter1,not accelerating (0/1 qtrs)
NPCE,1528287,NeuroPace Inc,filter1,growth 17% <= 20%
GNE,1528356,Genie Energy Ltd.,filter1,growth -5% <= 20%
GWRE,1528396,"Guidewire Software, Inc.",filter1,growth 15% <= 20%
RH,1528849,RH,filter1,growth 3% <= 20%
XTIA,1529113,"XTI Aerospace, Inc.",filter1,gross margin falling (-61.9%)
ALKT,1529274,"ALKAMI TECHNOLOGY, INC.",filter1,growth 16% <= 20%
ACRE,1529377,Ares Commercial Real Estate Corp,filter1,growth 14% <= 20%
FSBW,1530249,"FS Bancorp, Inc.",filter1,stale fundamentals
CPRI,1530721,Capri Holdings Ltd,filter1,growth -4% <= 20%
STEX,1530766,Streamex Corp.,filter1,no YoY growth
TROX,1530804,Tronox Holdings plc,filter1,growth 19% <= 20%
POST,1530950,"Post Holdings, Inc.",filter1,growth -2% <= 20%
HNST,1530979,"Honest Company, Inc.",filter1,growth -11% <= 20%
BJ,1531152,"BJ's Wholesale Club Holdings, Inc.",filter1,growth 16% <= 20%
SGHT,1531177,"Sight Sciences, Inc.",filter1,growth 20% <= 20%
FCBM,1531193,"First Carolina Financial Services, Inc.",filter1,growth -54% <= 20%
NINE,1532286,"Nine Energy Service, Inc.",filter1,growth -4% <= 20%
PW,1532619,Power REIT,filter1,gross margin unavailable
PHIO,1533040,Phio Pharmaceuticals Corp.,filter1,stale fundamentals
XRN,1533615,Chiron Real Estate Inc.,filter1,growth 5% <= 20%
PCSA,1533743,"Processa Pharmaceuticals, Inc.",filter1,stale fundamentals
AMPY,1533924,Amplify Energy Corp.,filter1,growth -23% <= 20%
DRIO,1533998,DarioHealth Corp.,filter1,growth -4% <= 20%
AVTX,1534120,"Avalo Therapeutics, Inc.",filter1,stale fundamentals
AUID,1534154,authID Inc.,filter1,growth -66% <= 20%
XBIO,1534525,"Xenetic Biosciences, Inc.",filter1,growth 12% <= 20%
TGLS,1534675,Tecnoglass Holdings Inc.,filter1,growth 16% <= 20%
BLNE,1534708,"Beeline Holdings, Inc.",filter1,not accelerating (0/1 qtrs)
VOYA,1535929,"Voya Financial, Inc.",filter1,growth -4% <= 20%
LPCN,1535955,Lipocine Inc.,filter1,growth -69% <= 20%
GOGO,1537054,Gogo Inc.,filter1,growth -1% <= 20%
TGEN,1537435,TECOGEN INC.,filter1,growth -21% <= 20%
HTB,1538263,"HomeTrust Bancshares, Inc.",filter1,stale fundamentals
IBTA,1538379,"Ibotta, Inc.",filter1,growth 3% <= 20%
OPRT,1538716,Oportun Financial Corp,filter1,growth -0% <= 20%
CAPL,1538849,CrossAmerica Partners LP,filter1,gross margin falling (-1.2%)
FANG,1539838,"Diamondback Energy, Inc.",filter1,gross margin unavailable
EDSA,1540159,"Edesa Biotech, Inc.",filter1,stale fundamentals
ATLX,1540684,Atlas Lithium Corp,filter1,not accelerating (0/1 qtrs)
ESRT,1541401,"Empire State Realty Trust, Inc.",filter1,growth 3% <= 20%
UBER,1543151,"Uber Technologies, Inc",filter1,growth 12% <= 20%
TPST,1544227,"Tempest Therapeutics, Inc.",filter1,stale fundamentals
FRSH,1544522,Freshworks Inc.,filter1,growth 16% <= 20%
IPDN,1546296,"Professional Diversity Network, Inc.",filter1,growth -28% <= 20%
BLMN,1546417,"Bloomin' Brands, Inc.",filter1,growth 1% <= 20%
NGVC,1547459,"Natural Grocers by Vitamin Cottage, Inc.",filter1,growth 2% <= 20%
NMIH,1547903,"NMI Holdings, Inc.",filter1,growth 8% <= 20%
CHRN,1549084,ChronoScale Holdings Corp,filter1,growth -37% <= 20%
SSTK,1549346,"Shutterstock, Inc.",filter1,growth -17% <= 20%
NRIX,1549595,"Nurix Therapeutics, Inc.",filter1,growth -79% <= 20%
SAMG,1549966,Silvercrest Asset Management Group Inc.,filter1,growth 0% <= 20%
MKZR,1550913,"MacKenzie Realty Capital, Inc.",filter1,growth 13% <= 20%
ABBV,1551152,AbbVie Inc.,filter1,growth 10% <= 20%
ETN,1551182,Eaton Corp plc,filter1,gross margin falling (-4.8%)
PGNY,1551306,"Progyny, Inc.",filter1,growth 5% <= 20%
MPLX,1552000,MPLX LP,filter1,growth 10% <= 20%
TRU,1552033,TransUnion,filter1,growth 14% <= 20%
DKL,1552797,"Delek Logistics Partners, LP",filter1,gross margin falling (-3.5%)
ESBA,1553079,"Empire State Realty OP, L.P.",filter1,growth 3% <= 20%
RLMD,1553643,"RELMADA THERAPEUTICS, INC.",filter1,stale fundamentals
EDVA,1553788,"Endovia Health Sciences, Inc.",filter1,growth -94% <= 20%
AUUD,1554818,AUDDIA INC.,filter1,no YoY growth
ZTS,1555280,Zoetis Inc.,filter1,growth -0% <= 20%
RITM,1556593,Rithm Capital Corp.,filter1,growth 5% <= 20%
THRY,1556739,"Thryv Holdings, Inc.",filter1,growth -28% <= 20%
ACRS,1557746,"Aclaris Therapeutics, Inc.",filter1,growth -8% <= 20%
ISPC,1558569,iSpecimen Inc.,filter1,growth -79% <= 20%
PRTA,1559053,PROTHENA CORP PUBLIC LTD CO,filter1,growth -77% <= 20%
TXO,1559432,"TXO Partners, L.P.",filter1,gross margin unavailable
ABNB,1559720,"Airbnb, Inc.",filter1,growth 17% <= 20%
EVTC,1559865,"EVERTEC, Inc.",filter1,growth 20% <= 20%
ECOR,1560258,"electroCore, Inc.",filter1,not accelerating (0/1 qtrs)
TNON,1560293,"Tenon Medical, Inc.",filter1,gross margin falling (-2.3%)
RPD,1560327,"Rapid7, Inc.",filter1,growth -2% <= 20%
FWONA,1560385,Liberty Media Corp,filter1,growth -30% <= 20%
NHP,1561032,"National Healthcare Properties, Inc.",filter1,growth 3% <= 20%
DDOG,1561550,"Datadog, Inc.",filter1,gross margin falling (-1.5%)
HASI,1561894,"HA Sustainable Infrastructure Capital, Inc.",filter1,gross margin unavailable
TELA,1561921,"TELA Bio, Inc.",filter1,growth -4% <= 20%
DUOL,1562088,"Duolingo, Inc.",filter1,growth 18% <= 20%
AMH,1562401,American Homes 4 Rent,filter1,stale fundamentals
FBRT,1562528,"Franklin BSP Realty Trust, Inc.",filter1,not accelerating (0/1 qtrs)
SNYR,1562733,Synergy CHC Corp.,filter1,growth -82% <= 20%
COMP,1563190,"Compass, Inc.",filter1,gross margin unavailable
AZIO,1563568,"AZIO AI HOLDINGS, INC.",filter1,not accelerating (0/1 qtrs)
SNAP,1564408,Snap Inc,filter1,growth 19% <= 20%
NWS,1564708,NEWS CORP,filter1,growth 11% <= 20%
PRKS,1564902,United Parks & Resorts Inc.,filter1,growth -1% <= 20%
INTA,1565687,"Intapp, Inc.",filter1,growth 13% <= 20%
YARW,1566044,"Yarrow Bioscience, Inc.",filter1,not accelerating (0/1 qtrs)
CNH,1567094,CNH Industrial N.V.,filter1,growth 2% <= 20%
CWEN,1567683,"Clearway Energy, Inc.",filter1,gross margin falling (-1.1%)
PD,1568100,"PagerDuty, Inc.",filter1,growth 1% <= 20%
OSCR,1568651,"Oscar Health, Inc.",filter1,gross margin unavailable
AHRT,1569187,"AH Realty Trust, Inc.",filter1,growth 4% <= 20%
CXM,1569345,"Sprinklr, Inc.",filter1,growth 1% <= 20%
LBTYA,1570585,Liberty Global Ltd.,filter1,growth -8% <= 20%
VCTR,1570827,"Victory Capital Holdings, Inc.",filter1,not accelerating (0/1 qtrs)
SAIC,1571123,Science Applications International Corp,filter1,growth 6% <= 20%
REXR,1571283,"Rexford Industrial Realty, Inc.",filter1,growth -2% <= 20%
CHMI,1571776,Cherry Hill Mortgage Investment Corp,filter1,not accelerating (0/1 qtrs)
TAOX,1571934,TAO Synergies Inc.,filter1,not accelerating (0/1 qtrs)
ICE,1571949,"Intercontinental Exchange, Inc.",filter1,growth 11% <= 20%
DELL,1571996,Dell Technologies Inc.,filter1,not accelerating (0/1 qtrs)
GUTS,1572616,"FRACTYL HEALTH, INC.",filter1,stale fundamentals
REAL,1573221,"TheRealReal, Inc.",filter1,growth 17% <= 20%
MUSA,1573516,Murphy USA Inc.,filter1,gross margin unavailable
BHR,1574085,Braemar Hotels & Resorts Inc.,filter1,growth -4% <= 20%
RNXT,1574094,"RenovoRx, Inc.",filter1,not accelerating (0/1 qtrs)
FPH,1574197,"Five Point Holdings, LLC",filter1,gross margin unavailable
PULM,1574235,"Pulmatrix, Inc.",filter1,stale fundamentals
SFM,1575515,"Sprouts Farmers Market, Inc.",filter1,growth 5% <= 20%
WATT,1575793,Energous Corp,filter1,not accelerating (0/1 qtrs)
GLPI,1575965,"Gaming & Leisure Properties, Inc.",filter1,growth 9% <= 20%
SPNT,1576018,SiriusPoint Ltd,filter1,growth -1% <= 20%
CRTO,1576427,Criteo S.A.,filter1,growth -11% <= 20%
ABAT,1576873,AMERICAN BATTERY TECHNOLOGY Co,filter1,not accelerating (0/1 qtrs)
CCS,1576940,"Century Communities, Inc.",filter1,growth -7% <= 20%
SFIX,1576942,"Stitch Fix, Inc.",filter1,growth 4% <= 20%
ODYS,1577445,Odysight.ai Inc.,filter1,growth 16% <= 20%
AI,1577526,"C3.ai, Inc.",filter1,growth -25% <= 20%
MMI,1578732,"Marcus & Millichap, Inc.",filter1,growth 18% <= 20%
CART,1579091,Maplebear Inc.,filter1,growth 14% <= 20%
VNCE,1579157,VINCE HOLDING CORP.,filter1,growth 12% <= 20%
ALLE,1579241,Allegion plc,filter1,growth 13% <= 20%
BURL,1579298,"Burlington Stores, Inc.",filter1,growth 11% <= 20%
AXSM,1579428,"Axsome Therapeutics, Inc.",filter1,not accelerating (0/1 qtrs)
TDAY,1579684,"USA TODAY Co., Inc.",filter1,growth -8% <= 20%
VITL,1579733,"Vital Farms, Inc.",filter1,growth -10% <= 20%
OUT,1579877,OUTFRONT Media Inc.,filter1,growth 14% <= 20%
BIVI,1580149,BIOVIE INC.,filter1,stale fundamentals
FLYW,1580560,Flywire Corp,filter1,not accelerating (0/1 qtrs)
LGIH,1580670,"LGI Homes, Inc.",filter1,growth 6% <= 20%
ATEN,1580808,"A10 Networks, Inc.",filter1,growth 15% <= 20%
VRM,1580864,"Vroom, Inc.",filter1,stale fundamentals
IBP,1580905,"Installed Building Products, Inc.",filter1,growth 2% <= 20%
BRX,1581068,Brixmor Property Group Inc.,filter1,growth 4% <= 20%
PAGP,1581990,PLAINS GP HOLDINGS LP,filter1,gross margin falling (-2.2%)
XENE,1582313,Xenon Pharmaceuticals Inc.,filter1,no YoY growth
MTNB,1582554,"Matinas BioPharma Holdings, Inc.",filter1,stale fundamentals
DOCN,1582961,"DigitalOcean Holdings, Inc.",filter1,gross margin falling (-4.6%)
CCLD,1582982,"CareCloud, Inc.",filter1,growth 16% <= 20%
TBPH,1583107,"Theravance Biopharma, Inc.",filter1,growth -21% <= 20%
PVLA,1583648,"PALVELLA THERAPEUTICS, INC.",filter1,stale fundamentals
S,1583708,"SentinelOne, Inc.",filter1,gross margin falling (-1.7%)
ARMK,1584509,Aramark,filter1,growth 9% <= 20%
VFF,1584549,"Village Farms International, Inc.",filter1,growth 7% <= 20%
OXBR,1584831,OXBRIDGE RE HOLDINGS Ltd,filter1,gross margin unavailable
PRGO,1585364,PERRIGO Co plc,filter1,growth -3% <= 20%
SMA,1585389,"SmartStop Self Storage REIT, Inc.",filter1,growth 19% <= 20%
ZM,1585521,"Zoom Communications, Inc.",filter1,growth 5% <= 20%
JAGX,1585608,"Jaguar Health, Inc.",filter1,growth -59% <= 20%
HLT,1585689,Hilton Worldwide Holdings Inc.,filter1,growth 7% <= 20%
KN,1587523,Knowles Corp,filter1,growth 16% <= 20%
NEWT,1587987,"NewtekOne, Inc.",filter1,stale fundamentals
PRCT,1588978,PROCEPT BioRobotics Corp,filter1,growth 19% <= 20%
GYRO,1589061,"Gyrodyne, LLC",filter1,stale fundamentals
GWAV,1589149,"Greenwave Technology Solutions, Inc.",filter1,not accelerating (0/1 qtrs)
BLBD,1589526,Blue Bird Corp,filter1,gross margin falling (-1.1%)
FTAI,1590364,FTAI Aviation Ltd.,filter1,not accelerating (0/1 qtrs)
FCUV,1590418,FOCUS UNIVERSAL INC.,filter1,gross margin unavailable
CVEO,1590584,Civeo Corp,filter1,growth 11% <= 20%
ESI,1590714,Element Solutions Inc,filter1,gross margin falling (-4.2%)
AREC,1590715,American Resources Corp,filter1,stale fundamentals
CTRE,1590717,"CareTrust REIT, Inc.",filter1,not accelerating (0/1 qtrs)
VRDN,1590750,"Viridian Therapeutics, Inc.\DE",filter1,gross margin unavailable
RGNX,1590877,REGENXBIO Inc.,filter1,gross margin unavailable
CZR,1590895,"Caesars Entertainment, Inc.",filter1,growth 3% <= 20%
PAYC,1590955,"Paycom Software, Inc.",filter1,growth 10% <= 20%
GOLD,1591588,"Gold.com, Inc.",filter1,not accelerating (0/1 qtrs)
FPI,1591670,Farmland Partners Inc.,filter1,growth -6% <= 20%
PCTY,1591698,Paylocity Holding Corp,filter1,growth 11% <= 20%
FGNX,1591890,FG Nexus Inc.,filter1,growth -97% <= 20%
DRK,1591956,DarkHorse Technologies Inc.,filter1,growth -19% <= 20%
VIRT,1592386,"Virtu Financial, Inc.",filter1,growth 19% <= 20%
HG,1593275,"Hamilton Insurance Group, Ltd.",filter1,growth 13% <= 20%
JSM,1593538,NAVIENT CORP,filter1,stale fundamentals
AVIR,1593899,"Atea Pharmaceuticals, Inc.",filter1,stale fundamentals
SHOP,1594805,SHOPIFY INC.,filter1,gross margin falling (-1.2%)
CRBP,1595097,"Corbus Pharmaceuticals Holdings, Inc.",filter1,stale fundamentals
GNPX,1595248,"Genprex, Inc.",filter1,stale fundamentals
NYC,1595527,American Strategic Investment Co.,filter1,stale fundamentals
MGNI,1595974,"MAGNITE, INC.",filter1,growth 11% <= 20%
ANET,1596532,"Arista Networks, Inc.",filter1,gross margin falling (-1.6%)
RDNW,1596961,"RideNow Group, Inc.",filter1,growth -1% <= 20%
LPG,1596993,DORIAN LPG LTD.,filter1,gross margin unavailable
SABR,1597033,Sabre Corp,filter1,growth 4% <= 20%
RYAM,1597672,RAYONIER ADVANCED MATERIALS INC.,filter1,growth 11% <= 20%
GRNQ,1597846,Greenpro Capital Corp.,filter1,growth -29% <= 20%
MTUS,1598428,Metallus Inc.,filter1,growth 12% <= 20%
NERV,1598646,"Minerva Neurosciences, Inc.",filter1,stale fundamentals
HRTG,1598665,"Heritage Insurance Holdings, Inc.",filter1,growth 3% <= 20%
SKYX,1598981,SKYX Platforms Corp.,filter1,growth 10% <= 20%
SMMT,1599298,Summit Therapeutics Inc.,filter1,stale fundamentals
DNOW,1599617,DNOW Inc.,filter1,gross margin falling (-4.3%)
ELF,1600033,"e.l.f. Beauty, Inc.",filter1,not accelerating (0/1 qtrs)
PXED,1600222,"Phoenix Education Partners, Inc.",filter1,growth 0% <= 20%
AUPH,1600620,Aurinia Pharmaceuticals Inc.,filter1,growth 19% <= 20%
DIBS,1600641,"1stdibs.com, Inc.",filter1,growth 5% <= 20%
ELTX,1601485,"Elicio Therapeutics, Inc.",filter1,stale fundamentals
VVX,1601548,"V2X, Inc.",filter1,growth 17% <= 20%
RXRX,1601830,"RECURSION PHARMACEUTICALS, INC.",filter1,growth -60% <= 20%
FNGR,1602409,"FingerMotion, Inc.",filter1,growth -92% <= 20%
ISTR,1602658,Investar Holding Corp,filter1,stale fundamentals
VIA,1603015,"Via Transportation, Inc.",filter1,not accelerating (0/1 qtrs)
XIFR,1603145,"XPLR Infrastructure, LP",filter1,growth -2% <= 20%
WFRD,1603923,Weatherford International plc,filter1,growth -8% <= 20%
AQB,1603978,AQUABOUNTY TECHNOLOGIES INC,filter1,stale fundamentals
GRDX,1604191,GridAI Technologies Corp.,filter1,no YoY growth
ATRA,1604464,"Atara Biotherapeutics, Inc.",filter1,growth -96% <= 20%
WLKP,1604665,Westlake Chemical Partners LP,filter1,growth -0% <= 20%
QRVO,1604778,"Qorvo, Inc.",filter1,growth -7% <= 20%
NTRA,1604821,"Natera, Inc.",filter1,not accelerating (0/1 qtrs)
GRWG,1604868,GrowGeneration Corp.,filter1,growth 5% <= 20%
CBFV,1605301,"CB Financial Services, Inc.",filter1,stale fundamentals
CIRC,1605888,CIRCLE8 GROUP INC,filter1,gross margin falling (-3.8%)
LMB,1606163,"Limbach Holdings, Inc.",filter1,gross margin falling (-2.7%)
VTIX,1606242,Virtuix Holdings Inc.,filter1,growth -26% <= 20%
LOCO,1606366,"El Pollo Loco Holdings, Inc.",filter1,growth 3% <= 20%
KE,1606757,"Kimball Electronics, Inc.",filter1,growth -2% <= 20%
PANL,1606909,Pangaea Logistics Solutions Ltd.,filter1,growth 19% <= 20%
VKTX,1607678,"Viking Therapeutics, Inc.",filter1,no YoY growth
LFWD,1607962,Lifeward Ltd.,filter1,growth 16% <= 20%
WEAV,1609151,"Weave Communications, Inc.",filter1,growth 16% <= 20%
CRC,1609253,California Resources Corp,filter1,gross margin unavailable
INSP,1609550,"Inspire Medical Systems, Inc.",filter1,growth -8% <= 20%
GDDY,1609711,GoDaddy Inc.,filter1,growth 7% <= 20%
OEC,1609804,Orion S.A.,filter1,growth 7% <= 20%
MCRB,1609809,"Seres Therapeutics, Inc.",filter1,no YoY growth
BOOT,1610250,"Boot Barn Holdings, Inc.",filter1,growth 18% <= 20%
PCOR,1611052,"PROCORE TECHNOLOGIES, INC.",filter1,growth 16% <= 20%
OMDA,1611115,"Omada Health, Inc.",filter1,not accelerating (0/1 qtrs)
UE,1611547,Urban Edge Properties,filter1,growth 12% <= 20%
FRPT,1611647,"Freshpet, Inc.",filter1,growth 15% <= 20%
JYNT,1612630,JOINT Corp,filter1,growth 14% <= 20%
NEXT,1612720,NextDecade Corp,filter1,no YoY growth
MDT,1613103,Medtronic plc,filter1,growth 14% <= 20%
DBVT,1613780,DBV Technologies S.A.,filter1,growth -53% <= 20%
YEXT,1614178,"Yext, Inc.",filter1,growth -2% <= 20%
RPT,1614806,Rithm Property Trust Inc.,filter1,stale fundamentals
INSE,1615063,"Inspired Entertainment, Inc.",filter1,growth -24% <= 20%
VERI,1615165,"Veritone, Inc.",filter1,growth 5% <= 20%
DCOY,1615219,Decoy Therapeutics Inc.,filter1,no YoY growth
XHR,1616000,"Xenia Hotels & Resorts, Inc.",filter1,growth 3% <= 20%
RMCF,1616262,"Rocky Mountain Chocolate Factory, Inc.",filter1,growth -4% <= 20%
W,1616707,Wayfair Inc.,filter1,growth 8% <= 20%
AXTA,1616862,Axalta Coating Systems Ltd.,filter1,growth -1% <= 20%
KRNY,1617242,Kearny Financial Corp.,filter1,stale fundamentals
PK,1617406,Park Hotels & Resorts Inc.,filter1,growth 1% <= 20%
ZIP,1617553,"ZIPRECRUITER, INC.",filter1,growth 5% <= 20%
Z,1617640,"ZILLOW GROUP, INC.",filter1,growth 18% <= 20%
AMIX,1617867,"Autonomix Medical, Inc.",filter1,no YoY growth
PFGC,1618673,Performance Food Group Co,filter1,growth 6% <= 20%
NTNX,1618732,"Nutanix, Inc.",filter1,growth 16% <= 20%
QSR,1618756,Restaurant Brands International Inc.,filter1,growth 5% <= 20%
CRBU,1619856,"Caribou Biosciences, Inc.",filter1,growth -44% <= 20%
NXRT,1620393,"NexPoint Residential Trust, Inc.",filter1,growth 2% <= 20%
JRVR,1620459,"James River Group Holdings, Inc.",filter1,growth -8% <= 20%
SHAK,1620533,Shake Shack Inc.,filter1,growth 17% <= 20%
BSM,1621434,"Black Stone Minerals, L.P.",filter1,growth -7% <= 20%
SLE,1621672,"Super League Enterprise, Inc.",filter1,growth 0% <= 20%
AQMS,1621832,"Aqua Metals, Inc.",filter1,stale fundamentals
DEA,1622194,"Easterly Government Properties, Inc.",filter1,growth 10% <= 20%
COGT,1622229,"Cogent Biosciences, Inc.",filter1,stale fundamentals
POLA,1622345,"Polar Power, Inc.",filter1,growth -62% <= 20%
TLN,1622536,Talen Energy Corp,filter1,not accelerating (0/1 qtrs)
STOK,1623526,"Stoke Therapeutics, Inc.",filter1,growth -33% <= 20%
AM,1623925,Antero Midstream Corp,filter1,growth 7% <= 20%
BFST,1624322,"Business First Bancshares, Inc.",filter1,gross margin unavailable
BOXL,1624512,Boxlight Corp,filter1,growth -16% <= 20%
PLSE,1625101,"PULSE BIOSCIENCES, INC.",filter1,no YoY growth
NRDS,1625278,"NERDWALLET, INC.",filter1,growth 6% <= 20%
INDV,1625297,"Indivior Pharmaceuticals, Inc.",filter1,growth 14% <= 20%
LAW,1625641,"CS Disco, Inc.",filter1,growth 13% <= 20%
PJT,1626115,PJT Partners Inc.,filter1,growth 20% <= 20%
CMRC,1626450,"Commerce.com, Inc.",filter1,growth 0% <= 20%
XBIT,1626878,XBiotech Inc.,filter1,stale fundamentals
CC,1627223,Chemours Co,filter1,growth -1% <= 20%
CWD,1627282,CaliberCos Inc.,filter1,growth -17% <= 20%
UPWK,1627475,"UPWORK, INC",filter1,growth -2% <= 20%
SRG,1628063,Seritage Growth Properties,filter1,growth -60% <= 20%
RVMD,1628171,"Revolution Medicines, Inc.",filter1,stale fundamentals
CWK,1628369,Cushman & Wakefield Ltd.,filter1,growth 11% <= 20%
PROF,1628808,Profound Medical Corp.,filter1,growth 12% <= 20%
EVH,1628908,"Evolent Health, Inc.",filter1,gross margin falling (-8.4%)
PZG,1629210,Paramount Gold Nevada Corp.,filter1,stale fundamentals
CHGA,1630212,Change Agents Corporation.,filter1,stale fundamentals
TMCI,1630627,"TREACE MEDICAL CONCEPTS, INC.",filter1,growth -4% <= 20%
BW,1630805,"Babcock & Wilcox Enterprises, Inc.",filter1,gross margin falling (-10.3%)
CHCT,1631569,Community Healthcare Trust Inc,filter1,growth 7% <= 20%
WVE,1631574,"Wave Life Sciences, Inc.",filter1,growth -74% <= 20%
CABO,1632127,"Cable One, Inc.",filter1,growth -8% <= 20%
ENR,1632790,"ENERGIZER HOLDINGS, INC.",filter1,growth 1% <= 20%
CAST,1633369,"FreeCast, Inc.",filter1,gross margin unavailable
PYPL,1633917,"PayPal Holdings, Inc.",filter1,growth 7% <= 20%
BNED,1634117,"Barnes & Noble Education, Inc.",filter1,growth 1% <= 20%
ACON,1635077,"Aclarion, Inc.",filter1,not accelerating (0/1 qtrs)
ROIV,1635088,Roivant Sciences Ltd.,filter1,growth -34% <= 20%
RMNI,1635282,"Rimini Street, Inc.",filter1,growth 7% <= 20%
FLUT,1635327,Flutter Entertainment plc,filter1,growth 3% <= 20%
WING,1636222,Wingstop Inc.,filter1,growth 6% <= 20%
SYRE,1636282,"Spyre Therapeutics, Inc.",filter1,stale fundamentals
HCAT,1636422,"Health Catalyst, Inc.",filter1,growth -13% <= 20%
MSGS,1636519,Madison Square Garden Sports Corp.,filter1,gross margin unavailable
OVID,1636651,Ovid Therapeutics Inc.,filter1,growth -88% <= 20%
PLNT,1637207,"Planet Fitness, Inc.",filter1,growth 7% <= 20%
KHC,1637459,Kraft Heinz Co,filter1,growth -1% <= 20%
ACVA,1637873,ACV Auctions Inc.,filter1,growth 10% <= 20%
ENTX,1638097,Entera Bio Ltd.,filter1,no YoY growth
TTAN,1638826,"ServiceTitan, Inc.",filter1,not accelerating (0/1 qtrs)
SGRY,1638833,"Surgery Partners, Inc.",filter1,growth 3% <= 20%
DUKR,1638911,DUKE Robotics Corp.,filter1,growth 4% <= 20%
OLLI,1639300,"Ollie's Bargain Outlet Holdings, Inc.",filter1,growth 9% <= 20%
CAVA,1639438,"CAVA GROUP, INC.",filter1,not accelerating (0/1 qtrs)
LIVN,1639691,LivaNova PLC,filter1,growth 11% <= 20%
NAVN,1639723,"Navan, Inc.",filter1,not accelerating (0/1 qtrs)
PTON,1639825,"PELOTON INTERACTIVE, INC.",filter1,growth 0% <= 20%
VYGR,1640266,"Voyager Therapeutics, Inc.",filter1,growth -39% <= 20%
PWCM,1640384,"POWERCOMPUTE, INC.",filter1,growth 10% <= 20%
BOLT,1641281,"Bolt Biotherapeutics, Inc.",filter1,growth -100% <= 20%
GDC,1641398,GD Culture Group Ltd,filter1,stale fundamentals
VTVT,1641489,vTv Therapeutics Inc.,filter1,no YoY growth
PMTS,1641614,CPI Card Group Inc.,filter1,growth 15% <= 20%
XAIR,1641631,"Beyond Air, Inc.",filter1,growth 0% <= 20%
IMDX,1642380,Insight Molecular Diagnostics Inc.,filter1,growth -54% <= 20%
NNDM,1643303,Nano Dimension Ltd.,filter1,growth 12% <= 20%
ONT,1643615,"Onterris, Inc.",filter1,growth -20% <= 20%
PRPL,1643953,"Purple Innovation, Inc.",filter1,growth -6% <= 20%
RMR,1644378,RMR GROUP INC.,filter1,growth -1% <= 20%
YCBD,1644903,"cbdMD, Inc.",filter1,gross margin falling (-4.1%)
NVCR,1645113,NovoCure Ltd,filter1,growth 16% <= 20%
CUE,1645460,"Cue Biopharma, Inc.",filter1,not accelerating (0/1 qtrs)
MNPR,1645469,Monopar Therapeutics,filter1,no YoY growth
HPE,1645590,Hewlett Packard Enterprise Co,filter1,gross margin unavailable
ACI,1646972,"Albertsons Companies, Inc.",filter1,stale fundamentals
WSC,1647088,WillScot Holdings Corp,filter1,growth 4% <= 20%
UPST,1647639,"Upstart Holdings, Inc.",filter1,gross margin unavailable
MYSE,1648960,"Myseum.AI, Inc.",filter1,growth -53% <= 20%
CLPR,1649096,Clipper Realty Inc.,filter1,growth -1% <= 20%
DLTH,1649744,DULUTH HOLDINGS INC.,filter1,growth -8% <= 20%
RYTM,1649904,"RHYTHM PHARMACEUTICALS, INC.",filter1,not accelerating (0/1 qtrs)
OTLK,1649989,"Outlook Therapeutics, Inc.",filter1,stale fundamentals
ATXG,1650101,ADDENTAX GROUP CORP.,filter1,gross margin falling (-15.4%)
FCPT,1650132,"Four Corners Property Trust, Inc.",filter1,growth 8% <= 20%
FDMT,1650648,"4D Molecular Therapeutics, Inc.",filter1,not accelerating (0/1 qtrs)
EDIT,1650664,"Editas Medicine, Inc.",filter1,gross margin unavailable
LSF,1650696,"Laird Superfood, Inc.",filter1,gross margin falling (-6.2%)
SITE,1650729,"SiteOne Landscape Supply, Inc.",filter1,growth 0% <= 20%
ONC,1651308,BeOne Medicines Ltd.,filter1,not accelerating (0/1 qtrs)
GIPR,1651721,"GENERATION INCOME PROPERTIES, INC.",filter1,growth -13% <= 20%
NTLA,1652130,"Intellia Therapeutics, Inc.",filter1,growth -46% <= 20%
ALEC,1653087,"Alector, Inc.",filter1,growth -58% <= 20%
NGVT,1653477,Ingevity Corp,filter1,growth -5% <= 20%
GTLB,1653482,Gitlab Inc.,filter1,not accelerating (0/1 qtrs)
PRTH,1653558,"Priority Technology Holdings, Inc.",filter1,growth 9% <= 20%
RRR,1653653,"Red Rock Resorts, Inc.",filter1,growth -3% <= 20%
BIRD,1653909,"Smartbird, Inc.",filter1,no YoY growth
MDRR,1654595,"Medalist Diversified, Inc.",filter1,growth -27% <= 20%
BYND,1655210,"BEYOND MEAT, INC.",filter1,growth -8% <= 20%
ARVN,1655759,"ARVINAS, INC.",filter1,gross margin unavailable
ACOG,1655923,Alpha Cognition Inc.,filter1,not accelerating (0/1 qtrs)
XMTR,1657573,"Xometry, Inc.",filter1,gross margin falling (-1.8%)
PBLS,1657677,"Parabilis Medicines, Inc.",filter1,no YoY growth
KRP,1657788,"Kimbell Royalty Partners, LP",filter1,gross margin unavailable
HTZ,1657853,"HERTZ GLOBAL HOLDINGS, INC",filter1,growth 11% <= 20%
AMLX,1658551,"Amylyx Pharmaceuticals, Inc.",filter1,stale fundamentals
PR,1658566,Permian Resources Corp,filter1,gross margin unavailable
BSEM,1658678,"BioStem Technologies, Inc.",filter1,growth -28% <= 20%
FTV,1659166,Fortive Corp,filter1,growth 8% <= 20%
MBRX,1659617,"Moleculin Biotech, Inc.",filter1,no YoY growth
OKTA,1660134,"Okta, Inc.",filter1,growth 11% <= 20%
TENB,1660280,"Tenable Holdings, Inc.",filter1,growth 9% <= 20%
VRCA,1660334,Verrica Pharmaceuticals Inc.,filter1,growth -54% <= 20%
TRTN-PA,1660734,Triton International Ltd,filter1,stale fundamentals
NVNO,1661053,enVVeno Medical Corp,filter1,stale fundamentals
NXTC,1661059,"NextCure, Inc.",filter1,stale fundamentals
ORGO,1661181,Organogenesis Holdings Inc.,filter1,growth -57% <= 20%
QTTB,1661998,Q32 Bio Inc.,filter1,stale fundamentals
CCCC,1662579,"C4 Therapeutics, Inc.",filter1,growth 3% <= 20%
KULR,1662684,"KULR Technology Group, Inc.",filter1,growth -43% <= 20%
SEZL,1662991,Sezzle Inc.,filter1,gross margin unavailable
KROS,1664710,"Keros Therapeutics, Inc.",filter1,growth -100% <= 20%
USFD,1665918,US Foods Holding Corp.,filter1,growth 4% <= 20%
BVS,1665988,Bioventus Inc.,filter1,growth 4% <= 20%
CDLX,1666071,"Cardlytics, Inc.",filter1,growth -36% <= 20%
BL,1666134,"BLACKLINE, INC.",filter1,growth 9% <= 20%
ATKR,1666138,Atkore Inc.,filter1,growth 8% <= 20%
CFTR-PA,1666244,"Cantor Fitzgerald Income Trust, Inc.",filter1,growth -0% <= 20%
CMTG,1666291,"Claros Mortgage Trust, Inc.",filter1,growth -42% <= 20%
DD,1666700,"DuPont de Nemours, Inc.",filter1,growth 4% <= 20%
AIP,1667011,"Arteris, Inc.",filter1,gross margin falling (-4.8%)
ZDGE,1667313,"Zedge, Inc.",filter1,growth 3% <= 20%
DBGI,1668010,"Digital Brands Group, Inc.",filter1,growth -46% <= 20%
MEDP,1668397,"Medpace Holdings, Inc.",filter1,growth 17% <= 20%
KNSL,1669162,"Kinsale Capital Group, Inc.",filter1,growth 17% <= 20%
CWH,1669779,"Camping World Holdings, Inc.",filter1,growth -2% <= 20%
DFIN,1669811,"Donnelley Financial Solutions, Inc.",filter1,growth 3% <= 20%
ULCC,1670076,"Frontier Group Holdings, Inc.",filter1,growth 9% <= 20%
ADNT,1670541,Adient plc,filter1,growth 5% <= 20%
YETI,1670592,"YETI Holdings, Inc.",filter1,growth 9% <= 20%
APVO,1671584,Aptevo Therapeutics Inc.,filter1,stale fundamentals
SPRY,1671858,"ARS Pharmaceuticals, Inc.",filter1,gross margin unavailable
IMCR,1671927,Immunocore Holdings plc,filter1,growth 18% <= 20%
TTD,1671933,"Trade Desk, Inc.",filter1,growth 3% <= 20%
GOLF,1672013,Acushnet Holdings Corp.,filter1,growth 14% <= 20%
ABSI,1672688,Absci Corp,filter1,growth -46% <= 20%
CPHC,1672909,Canterbury Park Holding Corp,filter1,growth 3% <= 20%
YUMC,1673358,"Yum China Holdings, Inc.",filter1,growth 13% <= 20%
SEGG,1673481,Sports Entertainment Gaming Global Corp,filter1,stale fundamentals
ASIX,1673985,AdvanSix Inc.,filter1,growth 3% <= 20%
VRT,1674101,Vertiv Holdings Co,filter1,not accelerating (0/1 qtrs)
HGV,1674168,Hilton Grand Vacations Inc.,filter1,growth 7% <= 20%
JELD,1674335,"JELD-WEN Holding, Inc.",filter1,growth -1% <= 20%
TPTS,1674356,"Terra Property Trust, Inc.",filter1,growth -47% <= 20%
CRSP,1674416,CRISPR Therapeutics AG,filter1,gross margin unavailable
YYAI,1674440,AIRWA INC.,filter1,gross margin falling (-48.6%)
BBNX,1674632,"Beta Bionics, Inc.",filter1,not accelerating (0/1 qtrs)
ASH,1674862,ASHLAND INC.,filter1,growth 7% <= 20%
FLGT,1674930,"Fulgent Genetics, Inc.",filter1,growth 4% <= 20%
FVCB,1675644,"FVCBankcorp, Inc.",filter1,gross margin unavailable
NTRB,1676047,NutriBand Inc.,filter1,growth -30% <= 20%
SSII,1676163,"SS Innovations International, Inc.",filter1,not accelerating (0/1 qtrs)
BRZE,1676238,"Braze, Inc.",filter1,not accelerating (0/1 qtrs)
IDYA,1676725,"IDEAYA Biosciences, Inc.",filter1,no YoY growth
IIPR,1677576,INNOVATIVE INDUSTRIAL PROPERTIES INC,filter1,growth 1% <= 20%
CNDT,1677703,CONDUENT Inc,filter1,growth -12% <= 20%
BYSI,1677940,BeyondSpring Inc.,filter1,no YoY growth
PRLD,1678660,Prelude Therapeutics Inc,filter1,no YoY growth
INSW,1679049,"International Seaways, Inc.",filter1,gross margin unavailable
TUSK,1679268,"MAMMOTH ENERGY SERVICES, INC.",filter1,not accelerating (0/1 qtrs)
LW,1679273,"Lamb Weston Holdings, Inc.",filter1,growth 6% <= 20%
JUNS,1679628,"JUPITER NEUROSCIENCES, INC.",filter1,no YoY growth
DBRG,1679688,"DigitalBridge Group, Inc.",filter1,gross margin unavailable
COIN,1679788,"Coinbase Global, Inc.",filter1,growth -19% <= 20%
MBIO,1680048,"MUSTANG BIO, INC.",filter1,stale fundamentals
PUMP,1680247,ProPetro Holding Corp.,filter1,growth -6% <= 20%
STTK,1680367,"Shattuck Labs, Inc.",filter1,no YoY growth
FULC,1680581,"Fulcrum Therapeutics, Inc.",filter1,stale fundamentals
HFFG,1680873,HF Foods Group Inc.,filter1,growth 3% <= 20%
NODK,1681206,"NI Holdings, Inc.",filter1,growth -8% <= 20%
FTI,1681459,TechnipFMC plc,filter1,growth 9% <= 20%
VREX,1681622,Varex Imaging Corp,filter1,growth 4% <= 20%
NDRA,1681682,ENDRA Life Sciences Inc.,filter1,stale fundamentals
DVLT,1682149,Datavault AI Inc.,filter1,not accelerating (0/1 qtrs)
SACH,1682220,Sachem Capital Corp.,filter1,stale fundamentals
HYPD,1682639,"HYPERION DEFI, INC.",filter1,no YoY growth
VRRM,1682745,VERRA MOBILITY Corp,filter1,growth 12% <= 20%
MRNA,1682852,"Moderna, Inc.",filter1,growth 2% <= 20%
SPRB,1683553,"SPRUCE BIOSCIENCES, INC.",filter1,stale fundamentals
CARS,1683606,Cars.com Inc.,filter1,growth 1% <= 20%
IMXI,1683695,"International Money Express, Inc.",filter1,growth -19% <= 20%
BHF,1685040,"Brighthouse Financial, Inc.",filter1,gross margin unavailable
METC,1687187,"Ramaco Resources, Inc.",filter1,growth -5% <= 20%
INVH,1687229,Invitation Homes Inc.,filter1,growth 10% <= 20%
FRGT,1687542,"Freight Technologies, Inc.",filter1,stale fundamentals
JILL,1687932,"J.Jill, Inc.",filter1,growth 1% <= 20%
DXC,1688568,DXC Technology Co,filter1,growth -5% <= 20%
ESTA,1688757,ESTABLISHMENT LABS HOLDINGS INC.,filter1,not accelerating (0/1 qtrs)
TRDA,1689375,"Entrada Therapeutics, Inc.",filter1,growth -54% <= 20%
PRAX,1689548,"Praxis Precision Medicines, Inc.",filter1,stale fundamentals
JBGS,1689796,JBG SMITH Properties,filter1,growth 2% <= 20%
ICR-PA,1690012,"InPoint Commercial Real Estate Income, Inc.",filter1,growth -7% <= 20%
FRMM,1690080,FORUM MARKETS Inc,filter1,no YoY growth
SMHI,1690334,SEACOR Marine Holdings Inc.,filter1,growth -10% <= 20%
DNTH,1690585,"Dianthus Therapeutics, Inc. /DE/",filter1,stale fundamentals
NMRK,1690680,"NEWMARK GROUP, INC.",filter1,growth 17% <= 20%
CVNA,1690820,CARVANA CO.,filter1,not accelerating (0/1 qtrs)
LMND,1691421,"Lemonade, Inc.",filter1,gross margin unavailable
SNDR,1692063,"Schneider National, Inc.",filter1,growth 10% <= 20%
SWX,1692115,"Southwest Gas Holdings, Inc.",filter1,stale fundamentals
CODX,1692415,"Co-Diagnostics, Inc.",filter1,growth 2% <= 20%
VST,1692819,Vistra Corp.,filter1,growth 4% <= 20%
WTTR,1693256,"Select Water Solutions, Inc.",filter1,growth 9% <= 20%
MNSB,1693577,"MainStreet Bancshares, Inc.",filter1,growth -98% <= 20%
EQPT,1693736,EquipmentShare.com Inc,filter1,not accelerating (0/1 qtrs)
LBRT,1694028,Liberty Energy Inc.,filter1,growth 14% <= 20%
DK,1694426,"Delek US Holdings, Inc.",filter1,gross margin falling (-4.8%)
HYFM,1695295,"HYDROFARM HOLDINGS GROUP, INC.",filter1,growth -41% <= 20%
OFRM,1696556,"Once Upon a Farm, PBC",filter1,not accelerating (0/1 qtrs)
JRSH,1696558,"Jerash Holdings (US), Inc.",filter1,not accelerating (0/1 qtrs)
SEI,1697500,"Solaris Energy Infrastructure, Inc.",filter1,not accelerating (0/1 qtrs)
REKR,1697851,"Rekor Systems, Inc.",filter1,growth 2% <= 20%
NESR,1698514,National Energy Services Reunited Corp.,filter1,not accelerating (0/1 qtrs)
XCUR,1698530,"EXICURE, INC.",filter1,no YoY growth
MGY,1698990,Magnolia Oil & Gas Corp,filter1,gross margin unavailable
ACEL,1698991,"Accel Entertainment, Inc.",filter1,growth 10% <= 20%
GRAL,1699031,"GRAIL, Inc.",filter1,gross margin unavailable
RNGR,1699039,"Ranger Energy Services, Inc.",filter1,growth 18% <= 20%
WHD,1699136,"Cactus, Inc.",filter1,gross margin falling (-3.5%)
IR,1699150,Ingersoll Rand Inc.,filter1,growth 9% <= 20%
SI,1699350,"SHOULDER INNOVATIONS, INC.",filter1,not accelerating (0/1 qtrs)
LIME,1699963,"Neutron Holdings, Inc.",filter1,not accelerating (0/1 qtrs)
SPRO,1701108,"Spero Therapeutics, Inc.",filter1,growth -100% <= 20%
AZTR,1701478,"Azitra, Inc.",filter1,stale fundamentals
BDTX,1701541,"Black Diamond Therapeutics, Inc.",filter1,no YoY growth
BKR,1701605,Baker Hughes Co,filter1,growth -2% <= 20%
SDOT,1701756,Sadot Group Inc.,filter1,stale fundamentals
LOVE,1701758,Lovesac Co,filter1,growth 0% <= 20%
VS,1701963,Versus Systems Inc.,filter1,no YoY growth
SMPL,1702744,Simply Good Foods Co,filter1,growth -6% <= 20%
OPTU,1702780,"Optimum Communications, Inc.",filter1,growth -6% <= 20%
ADT,1703056,ADT Inc.,filter1,growth 2% <= 20%
ABCL,1703057,AbCellera Biologics Inc.,filter1,growth -76% <= 20%
KRRO,1703647,"Korro Bio, Inc.",filter1,growth -100% <= 20%
BBCP,1703956,"Concrete Pumping Holdings, Inc.",filter1,growth 13% <= 20%
BJDX,1704287,"Bluejay Diagnostics, Inc.",filter1,stale fundamentals
ZLAB,1704292,Zai Lab Ltd,filter1,growth -3% <= 20%
FNKO,1704711,"Funko, Inc.",filter1,growth 7% <= 20%
AMR,1704715,"Alpha Metallurgical Resources, Inc.",filter1,growth -10% <= 20%
CNNE,1704720,"Cannae Holdings, Inc.",filter1,growth -7% <= 20%
ANGI,1705110,Angi Inc.,filter1,growth -11% <= 20%
VICI,1705696,VICI PROPERTIES INC.,filter1,growth 6% <= 20%
CBUS,1705843,"Cibus, Inc.",filter1,growth 7% <= 20%
VIR,1706431,"Vir Biotechnology, Inc.",filter1,gross margin unavailable
SPCE,1706946,"Virgin Galactic Holdings, Inc",filter1,growth -67% <= 20%
SLDB,1707502,Solid Biosciences Inc.,filter1,stale fundamentals
ESTC,1707753,Elastic N.V.,filter1,growth 15% <= 20%
REBN,1707910,"Reborn Coffee, Inc.",filter1,gross margin unavailable
CENN,1707919,Cenntro Inc.,filter1,growth -3% <= 20%
LIN,1707925,LINDE PLC,filter1,growth 9% <= 20%
ECVT,1708035,Ecovyst Inc.,filter1,not accelerating (0/1 qtrs)
RBBN,1708055,Ribbon Communications Inc.,filter1,growth -13% <= 20%
AIFA,1708341,"All In FutureTech Alliance, Inc.",filter1,growth -35% <= 20%
ELUT,1708527,ELUTIA INC.,filter1,growth -12% <= 20%
SER,1708599,"Serina Therapeutics, Inc.",filter1,growth -100% <= 20%
HBB,1709164,Hamilton Beach Brands Holding Co,filter1,growth 12% <= 20%
CSAI,1709628,"CLOUDASTRUCTURE, INC.",filter1,growth 14% <= 20%
CTOS,1709682,"Custom Truck One Source, Inc.",filter1,growth 10% <= 20%
BIOA,1709941,"BioAge Labs, Inc.",filter1,growth 2% <= 20%
EYE,1710155,"National Vision Holdings, Inc.",filter1,growth 3% <= 20%
BTBT,1710350,"Bit Digital, Inc",filter1,gross margin unavailable
CNR,1710366,"Core Natural Resources, Inc.",filter1,growth 4% <= 20%
JMSB,1710482,"John Marshall Bancorp, Inc.",filter1,stale fundamentals
VAI,1711012,Senmiao Technology Ltd,filter1,growth -57% <= 20%
EVRG,1711269,"Evergy, Inc.",filter1,growth 5% <= 20%
KRYS,1711279,"Krystal Biotech, Inc.",filter1,not accelerating (0/1 qtrs)
INMB,1711754,"Inmune Bio, Inc.",filter1,stale fundamentals
RKTO,1711786,Rocket One Inc.,filter1,stale fundamentals
LILA,1712184,Liberty Latin America Ltd.,filter1,growth 1% <= 20%
PACK,1712463,Ranpak Holdings Corp.,filter1,growth 14% <= 20%
BIAF,1712762,"bioAffinity Technologies, Inc.",filter1,growth 19% <= 20%
ATPC,1713210,Agape ATP Corp,filter1,growth -77% <= 20%
RDDT,1713445,"Reddit, Inc.",filter1,not accelerating (0/1 qtrs)
ZS,1713683,"Zscaler, Inc.",filter1,not accelerating (0/1 qtrs)
RFL,1713863,"Rafael Holdings, Inc.",filter1,growth -51% <= 20%
BUR,1714174,Burford Capital Ltd,filter1,growth -42% <= 20%
GAME,1714562,"GameSquare Holdings, Inc.",filter1,gross margin falling (-0.4%)
DNLI,1714899,Denali Therapeutics Inc.,filter1,no YoY growth
VVOS,1716166,"Vivos Therapeutics, Inc.",filter1,not accelerating (0/1 qtrs)
VTAK,1716621,"Catheter Precision, Inc.",filter1,gross margin falling (-82.4%)
ENSC,1716947,"Ensysce Biosciences, Inc.",filter1,growth -15% <= 20%
TEM,1717115,"Tempus AI, Inc.",filter1,not accelerating (0/1 qtrs)
ILPT,1717307,Industrial Logistics Properties Trust,filter1,stale fundamentals
BRSP,1717547,"BrightSpire Capital, Inc.",filter1,growth -3% <= 20%
BTBD,1718224,"BT Brands, Inc.",filter1,growth -6% <= 20%
ROAD,1718227,"Construction Partners, Inc.",filter1,not accelerating (0/1 qtrs)
HYMC,1718405,HYCROFT MINING HOLDING CORP,filter1,stale fundamentals
GTES,1718512,Gates Industrial Corp Ltd.,filter1,growth 7% <= 20%
IDAI,1718939,T Stamp Inc,filter1,growth 11% <= 20%
NRXP,1719406,"NRX Pharmaceuticals, Inc.",filter1,no YoY growth
MREO,1719714,Mereo BioPharma Group plc,filter1,growth -100% <= 20%
IBEX,1720420,IBEX Ltd,filter1,growth 12% <= 20%
HIVE,1720424,HIVE Digital Technologies Ltd.,filter1,not accelerating (0/1 qtrs)
RPAY,1720592,Repay Holdings Corp,filter1,gross margin falling (-4.2%)
LGVN,1721484,Longeveron Inc.,filter1,growth -9% <= 20%
OPBK,1722010,OP Bancorp,filter1,growth -49% <= 20%
AVTR,1722482,"Avantor, Inc.",filter1,growth 0% <= 20%
WH,1722684,"WYNDHAM HOTELS & RESORTS, INC.",filter1,growth -6% <= 20%
AMRX,1723128,"Amneal Pharmaceuticals, Inc.",filter1,growth 10% <= 20%
RCUS,1724521,"Arcus Biosciences, Inc.",filter1,growth -74% <= 20%
TALO,1724965,TALOS ENERGY INC.,filter1,gross margin unavailable
ZNTL,1725160,"Zentalis Pharmaceuticals, Inc.",filter1,stale fundamentals
AHCO,1725255,AdaptHealth Corp.,filter1,growth 13% <= 20%
EPSN,1726126,Epsilon Energy Ltd.,filter1,not accelerating (0/1 qtrs)
BH,1726173,Biglari Holdings Inc.,filter1,growth 8% <= 20%
SEER,1726445,"Seer, Inc.",filter1,growth -23% <= 20%
GSHD,1726978,"Goosehead Insurance, Inc.",filter1,gross margin unavailable
SRRK,1727196,Scholar Rock Holding Corp,filter1,no YoY growth
FTDR,1727263,"Frontdoor, Inc.",filter1,growth 5% <= 20%
GOSS,1728117,"Gossamer Bio, Inc.",filter1,growth -20% <= 20%
INM,1728328,InMed Pharmaceuticals Inc.,filter1,stale fundamentals
IIIV,1728688,"i3 Verticals, Inc.",filter1,growth 2% <= 20%
EPRT,1728951,"ESSENTIAL PROPERTIES REALTY TRUST, INC.",filter1,growth 18% <= 20%
VMD,1729149,"VIEMED HEALTHCARE, INC.",filter1,not accelerating (0/1 qtrs)
KNSA,1730430,"Kiniksa Pharmaceuticals International, plc",filter1,not accelerating (0/1 qtrs)
AUTL,1730463,Autolus Therapeutics plc,filter1,not accelerating (0/1 qtrs)
BCML,1730984,BayCom Corp,filter1,stale fundamentals
NWN,1733998,Northwest Natural Holding Co,filter1,growth 3% <= 20%
BV,1734713,"BrightView Holdings, Inc.",filter1,growth 1% <= 20%
PATH,1734722,"UiPath, Inc.",filter1,growth 13% <= 20%
MOVE,1734750,"Corvex, Inc.",filter1,gross margin unavailable
MGTX,1735438,MeiraGTx Holdings plc,filter1,gross margin unavailable
GTX,1735707,Garrett Motion Inc.,filter1,growth 12% <= 20%
ALAB,1736297,"Astera Labs, Inc.",filter1,gross margin falling (-3.0%)
CAMP,1736730,Camp4 Therapeutics Corp,filter1,growth 19% <= 20%
ARLO,1736946,"Arlo Technologies, Inc.",filter1,not accelerating (0/1 qtrs)
ALLO,1737287,"Allogene Therapeutics, Inc.",filter1,no YoY growth
BGLC,1737523,BioNexus Gene Lab Corp,filter1,growth -97% <= 20%
SDRL,1737706,SEADRILL Ltd,filter1,growth 19% <= 20%
REPL,1737953,"Replimune Group, Inc.",filter1,stale fundamentals
SKYA,1737995,"SkyAI, Inc.",filter1,no YoY growth
CMPX,1738021,"Compass Therapeutics, Inc.",filter1,stale fundamentals
CHR,1738758,"Cheer Holding, Inc.",filter1,stale fundamentals
KLXE,1738827,"KLX Energy Services Holdings, Inc.",filter1,growth 5% <= 20%
ELAN,1739104,Elanco Animal Health Inc,filter1,growth 10% <= 20%
HLSQ,1739174,Tessera Defense & Homeland Security Inc.,filter1,no YoY growth
RLYB,1739410,Rallybio Corp,filter1,growth -100% <= 20%
ACA,1739445,"Arcosa, Inc.",filter1,growth 2% <= 20%
UTZ,1739566,"Utz Brands, Inc.",filter1,growth 1% <= 20%
CI,1739940,Cigna Group,filter1,growth 7% <= 20%
REZI,1740332,"RESIDEO TECHNOLOGIES, INC.",filter1,growth 2% <= 20%
BTGO,1740604,"BITGO HOLDINGS, INC.",filter1,not accelerating (0/1 qtrs)
GDYN,1743725,"GRID DYNAMICS HOLDINGS, INC.",filter1,growth 7% <= 20%
GNLN,1743745,"Greenlane Holdings, Inc.",filter1,growth -90% <= 20%
CRSR,1743759,"Corsair Gaming, Inc.",filter1,growth -2% <= 20%
BBIO,1743881,"BridgeBio Pharma, Inc.",filter1,not accelerating (0/1 qtrs)
DIS,1744489,Walt Disney Co,filter1,growth 7% <= 20%
APMD,1745648,"Apnimed, Inc.",filter1,growth -29% <= 20%
PFSI,1745916,"PennyMac Financial Services, Inc.",filter1,growth 12% <= 20%
BEAM,1745999,Beam Therapeutics Inc.,filter1,growth -94% <= 20%
EQ,1746466,"Equillium, Inc.",filter1,stale fundamentals
PLRX,1746473,"PLIANT THERAPEUTICS, INC.",filter1,stale fundamentals
RVLV,1746618,"Revolve Group, Inc.",filter1,growth 12% <= 20%
BALY,1747079,Bally's Corp,filter1,not accelerating (0/1 qtrs)
NEOV,1748137,NeoVolta Inc.,filter1,growth -100% <= 20%
AMCR,1748790,Amcor plc,filter1,not accelerating (0/1 qtrs)
AAMI,1748824,Acadian Asset Management Inc.,filter1,gross margin unavailable
NFE,1749723,New Fortress Energy Inc.,filter1,growth 3% <= 20%
AEI,1750106,Alset Inc.,filter1,growth -10% <= 20%
IKT,1750149,"Inhibikase Therapeutics, Inc.",filter1,no YoY growth
HAWK,1750704,"HawkEye 360, Inc.",filter1,not accelerating (0/1 qtrs)
MRBK,1750735,Meridian Corp,filter1,growth 14% <= 20%
APP,1751008,AppLovin Corp,filter1,not accelerating (0/1 qtrs)
RBKB,1751783,"Rhinebeck Bancorp, Inc.",filter1,growth 2% <= 20%
DOW,1751788,DOW INC.,filter1,growth -6% <= 20%
CELU,1752828,Celularity Inc,filter1,stale fundamentals
FTHM,1753162,Fathom Holdings Inc.,filter1,growth -6% <= 20%
BKSY,1753539,BlackSky Technology Inc.,filter1,gross margin unavailable
KLRS,1754068,"Kalaris Therapeutics, Inc.",filter1,stale fundamentals
ASLE,1754170,AerSale Corp,filter1,growth -34% <= 20%
TRLV,1754195,Trulieve Cannabis Corp.,filter1,growth -10% <= 20%
FOX,1754301,Fox Corp,filter1,gross margin unavailable
AUC,1755058,ATIF Holdings Ltd,filter1,stale fundamentals
KRSA,1755237,"Korsana Biosciences, Inc.",filter1,growth -100% <= 20%
CTVA,1755672,"Corteva, Inc.",filter1,growth -1% <= 20%
ABTC,1755953,American Bitcoin Corp.,filter1,not accelerating (0/1 qtrs)
OBAI,1756064,"Our Bond, Inc.",filter1,growth -7% <= 20%
NCRA,1756180,"NOCERA, INC.",filter1,growth -46% <= 20%
TMDX,1756262,"TransMedics Group, Inc.",filter1,not accelerating (0/1 qtrs)
ARDT,1756655,"Ardent Health, Inc.",filter1,growth -1% <= 20%
NVST,1757073,Envista Holdings Corp,filter1,growth 7% <= 20%
ATER,1757715,"Aterian, Inc.",filter1,growth -92% <= 20%
STE,1757898,STERIS plc,filter1,growth 7% <= 20%
QUBT,1758009,Quantum Computing Inc.,filter1,gross margin falling (-53.8%)
KRT,1758021,Karat Packaging Inc.,filter1,growth 10% <= 20%
OSW,1758488,ONESPAWORLD HOLDINGS Ltd,filter1,growth 9% <= 20%
TW,1758730,Tradeweb Markets Inc.,filter1,growth 9% <= 20%
STEM,1758766,"STEM, INC.",filter1,growth -12% <= 20%
ZSQR,1759186,Z Squared Inc.,filter1,no YoY growth
MIRM,1759425,"Mirum Pharmaceuticals, Inc.",filter1,not accelerating (0/1 qtrs)
LYFT,1759509,"Lyft, Inc.",filter1,growth 16% <= 20%
PRVA,1759655,"Privia Health Group, Inc.",filter1,not accelerating (0/1 qtrs)
PSTL,1759774,"Postal Realty Trust, Inc.",filter1,gross margin unavailable
ALTG,1759824,ALTA EQUIPMENT GROUP INC.,filter1,growth -1% <= 20%
GIFT,1760233,"GIFTIFY, INC.",filter1,growth 4% <= 20%
MVST,1760689,"Microvast Holdings, Inc.",filter1,growth -4% <= 20%
KTB,1760965,"Kontoor Brands, Inc.",filter1,growth 19% <= 20%
PLMR,1761312,"Palomar Holdings, Inc.",filter1,not accelerating (0/1 qtrs)
BCYC,1761612,BICYCLE THERAPEUTICS PLC,filter1,growth -78% <= 20%
RCEL,1762303,"AVITA Medical, Inc.",filter1,growth 18% <= 20%
CLVT,1764046,CLARIVATE PLC,filter1,growth -1% <= 20%
UNCY,1766140,"Unicycive Therapeutics, Inc.",filter1,stale fundamentals
PNTG,1766400,"Pennant Group, Inc.",filter1,not accelerating (0/1 qtrs)
CHWY,1766502,"Chewy, Inc.",filter1,growth 7% <= 20%
XPEL,1767258,"XPEL, Inc.",filter1,growth 15% <= 20%
ARCT,1768224,Arcturus Therapeutics Holdings Inc.,filter1,growth -90% <= 20%
CRNC,1768267,Cerence Inc.,filter1,growth 12% <= 20%
ILLR,1769624,Triller Group Inc.,filter1,growth -5% <= 20%
CRWV,1769628,"CoreWeave, Inc.",filter1,gross margin falling (-7.1%)
PBFS,1769663,"Pioneer Bancorp, Inc./MD",filter1,growth 7% <= 20%
MITQ,1770236,MOVING iMAGE TECHNOLOGIES INC.,filter1,growth -23% <= 20%
XRX,1770450,Xerox Holdings Corp,filter1,not accelerating (0/1 qtrs)
VENU,1770501,Venu Holding Corp,filter1,growth 7% <= 20%
TXG,1770787,"10x Genomics, Inc.",filter1,growth -13% <= 20%
GO,1771515,Grocery Outlet Holding Corp.,filter1,growth 1% <= 20%
ADCT,1771910,ADC Therapeutics SA,filter1,growth 2% <= 20%
BRBR,1772016,"BELLRING BRANDS, INC.",filter1,growth 4% <= 20%
KRUS,1772177,"KURA SUSHI USA, INC.",filter1,growth 16% <= 20%
SPRU,1772720,SPRUCE POWER HOLDING CORP,filter1,growth -9% <= 20%
ONEW,1772921,OneWater Marine Inc.,filter1,growth -4% <= 20%
DT,1773383,"Dynatrace, Inc.",filter1,growth 16% <= 20%
HIMS,1773751,"Hims & Hers Health, Inc.",filter1,gross margin falling (-10.0%)
AIOT,1774170,"Powerfleet, Inc.",filter1,growth 6% <= 20%
SKIL,1774675,Skillsoft Corp.,filter1,growth -3% <= 20%
AARD,1774857,"Aardvark Therapeutics, Inc.",filter1,no YoY growth
UPXI,1775194,"UPEXI, INC.",filter1,growth -27% <= 20%
BENF,1775734,Beneficient,filter1,no YoY growth
ADV,1776661,Advantage Solutions Inc.,filter1,growth 2% <= 20%
CURI,1776909,CuriosityStream Inc.,filter1,gross margin unavailable
CISO,1777319,"CISO Global, Inc.",filter1,growth -14% <= 20%
CHPT,1777393,"ChargePoint Holdings, Inc.",filter1,growth 18% <= 20%
PWP,1777835,Perella Weinberg Partners,filter1,growth 1% <= 20%
AVPT,1777921,"AvePoint, Inc.",filter1,not accelerating (0/1 qtrs)
SRTA,1779128,"Strata Critical Medical, Inc.",filter1,not accelerating (0/1 qtrs)
LVLU,1780201,"Lulu's Fashion Lounge Holdings, Inc.",filter1,growth -17% <= 20%
ASTS,1780312,"AST SpaceMobile, Inc.",filter1,gross margin unavailable
MNTS,1781162,Momentus Inc.,filter1,growth -87% <= 20%
OTIS,1781335,Otis Worldwide Corp,filter1,growth 7% <= 20%
BWIN,1781755,"Baldwin Insurance Group, Inc.",filter1,gross margin unavailable
ONCO,1782107,"Onconetix, Inc.",filter1,growth -84% <= 20%
RELY,1782170,"Remitly Global, Inc.",filter1,not accelerating (0/1 qtrs)
PYXS,1782223,"Pyxis Oncology, Inc.",filter1,stale fundamentals
STRW,1782430,"Strawberry Fields REIT, Inc.",filter1,growth 6% <= 20%
CARR,1783180,CARRIER GLOBAL Corp,filter1,growth 2% <= 20%
PHAT,1783183,"Phathom Pharmaceuticals, Inc.",filter1,not accelerating (0/1 qtrs)
TCRX,1783328,"TScan Therapeutics, Inc.",filter1,growth -66% <= 20%
UWMC,1783398,UWM Holdings Corp,filter1,growth 17% <= 20%
HOOD,1783879,"Robinhood Markets, Inc.",filter1,gross margin unavailable
MDIA,1784254,Mediaco Holding Inc.,filter1,growth 9% <= 20%
PRCH,1784535,"Porch Group, Inc.",filter1,growth 12% <= 20%
BETA,1784570,"BETA Technologies, Inc.",filter1,gross margin falling (-14.5%)
NXTT,1784970,Next Technology Holding Inc.,filter1,no YoY growth
MGX,1785279,"Metagenomi Therapeutics, Inc.",filter1,growth -70% <= 20%
KPLT,1785424,"Katapult Holdings, Inc.",filter1,growth 4% <= 20%
PINE,1786117,"Alpine Income Property Trust, Inc.",filter1,gross margin unavailable
BILL,1786352,"BILL Holdings, Inc.",filter1,growth 14% <= 20%
REYN,1786431,Reynolds Consumer Products Inc.,filter1,growth 7% <= 20%
VNT,1786842,Vontier Corp,filter1,growth -2% <= 20%
REF,1787117,Reformation Inc.,filter1,not accelerating (0/1 qtrs)
ARQT,1787306,"Arcutis Biotherapeutics, Inc.",filter1,not accelerating (0/1 qtrs)
NKTX,1787400,"Nkarta, Inc.",filter1,stale fundamentals
DFNS,1787518,T3 Defense Inc.,filter1,no YoY growth
VBIO,1787740,"Valion Bio, Inc.",filter1,stale fundamentals
VOYG,1788060,"Voyager Technologies, Inc./TX",filter1,growth 15% <= 20%
IPST,1788230,"IP STRATEGY HOLDINGS, INC.",filter1,not accelerating (0/1 qtrs)
LIFE,1788451,Ethos Technologies Inc.,filter1,not accelerating (0/1 qtrs)
ROOT,1788882,"Root, Inc.",filter1,growth 2% <= 20%
XPER,1788999,Xperi Inc.,filter1,growth 8% <= 20%
AEVA,1789029,"Aeva Technologies, Inc.",filter1,growth 11% <= 20%
NXTS,1789192,Nexentis Technologies Inc.,filter1,stale fundamentals
TIL,1789769,"Instil Bio, Inc.",filter1,stale fundamentals
HESM,1789832,Hess Midstream LP,filter1,growth -4% <= 20%
FWRG,1789940,"First Watch Restaurant Group, Inc.",filter1,growth 15% <= 20%
CGEM,1789972,"Cullinan Therapeutics, Inc.",filter1,stale fundamentals
IMRX,1790340,Immuneering Corp,filter1,stale fundamentals
VTRS,1792044,Viatris Inc,filter1,growth 5% <= 20%
OVV,1792580,Ovintiv Inc.,filter1,gross margin unavailable
CURV,1792781,Torrid Holdings Inc.,filter1,growth -12% <= 20%
HPK,1792849,"HighPeak Energy, Inc.",filter1,gross margin unavailable
CTEV,1793229,Claritev Corp,filter1,growth 7% <= 20%
GTM,1794515,ZoomInfo Technologies Inc.,filter1,growth 1% <= 20%
CARL,1794546,"CARLSMED, INC.",filter1,not accelerating (0/1 qtrs)
FOUR,1794669,"Shift4 Payments, Inc.",filter1,gross margin falling (-2.0%)
SLQT,1794783,"SelectQuote, Inc.",filter1,growth -7% <= 20%
SPHR,1795250,Sphere Entertainment Co.,filter1,growth 11% <= 20%
SWRD,1795851,"Stewards, Inc.",filter1,growth 5% <= 20%
STEP,1796022,StepStone Group Inc.,filter1,growth 4% <= 20%
APG,1796209,APi Group Corp,filter1,growth 13% <= 20%
BTCT,1796514,BTC Digital Ltd.,filter1,stale fundamentals
NTST,1798100,NETSTREIT Corp.,filter1,gross margin unavailable
TMC,1798562,TMC the metals Co Inc.,filter1,stale fundamentals
LUCD,1799011,Lucid Diagnostics Inc.,filter1,not accelerating (0/1 qtrs)
STLN,1799191,"Starling Oncology, Inc.",filter1,not accelerating (0/1 qtrs)
ALGS,1799448,"Aligos Therapeutics, Inc.",filter1,growth -100% <= 20%
PPLI,1800227,People Inc,filter1,growth -1% <= 20%
MLGO,1800392,MicroAlgo Inc.,filter1,stale fundamentals
RYM,1800637,"RYTHM, Inc.",filter1,not accelerating (0/1 qtrs)
OPEN,1801169,Opendoor Technologies Inc.,filter1,growth -44% <= 20%
CLOV,1801170,"CLOVER HEALTH INVESTMENTS, CORP. /DE",filter1,gross margin unavailable
FIRY,1801661,Firy Inc.,filter1,not accelerating (0/1 qtrs)
XPOF,1802156,"Xponential Fitness, Inc.",filter1,growth -13% <= 20%
GRDN,1802255,"Guardian Pharmacy Services, Inc.",filter1,growth 2% <= 20%
RPRX,1802768,Royalty Pharma plc,filter1,growth 16% <= 20%
AVO,1802974,"Mission Produce, Inc.",filter1,gross margin falling (-7.5%)
CNXC,1803599,Concentrix Corp,filter1,growth 2% <= 20%
ADEA,1803696,Adeia Inc.,filter1,growth 12% <= 20%
PLBY,1803914,"Playboy, Inc.",filter1,growth 11% <= 20%
DRVN,1804745,Driven Brands Holdings Inc.,filter1,growth 7% <= 20%
EOSE,1805077,"Eos Energy Enterprises, Inc.",filter1,not accelerating (0/1 qtrs)
RKT,1805284,"Rocket Companies, Inc.",filter1,not accelerating (0/1 qtrs)
EVLV,1805385,"Evolv Technologies Holdings, Inc.",filter1,not accelerating (0/1 qtrs)
DFDV,1805526,DeFi Development Corp.,filter1,not accelerating (0/1 qtrs)
MKTW,1805651,"MARKETWISE, INC.",filter1,growth -5% <= 20%
SST,1805833,"System1, Inc.",filter1,growth -61% <= 20%
TSHA,1806310,"Taysha Gene Therapies, Inc.",filter1,growth -100% <= 20%
WEST,1806347,Westrock Coffee Co,filter1,growth 9% <= 20%
VERX,1806837,"Vertex, Inc.",filter1,growth 11% <= 20%
LYEL,1806952,"Lyell Immunopharma, Inc.",filter1,growth -50% <= 20%
OZ,1807046,"Belpointe PREP, LLC",filter1,gross margin unavailable
DSGN,1807120,"Design Therapeutics, Inc.",filter1,no YoY growth
AMST,1807166,Amesite Inc.,filter1,not accelerating (0/1 qtrs)
CRDO,1807794,Credo Technology Group Holding Ltd,filter1,not accelerating (0/1 qtrs)
LASE,1807887,Laser Photonics Corp,filter1,growth -30% <= 20%
LUCY,1808377,Innovative Eyewear Inc,filter1,gross margin falling (-12.6%)
NAUT,1808805,"Nautilus Biotechnology, Inc.",filter1,no YoY growth
PRG,1808834,"PROG Holdings, Inc.",filter1,gross margin unavailable
BNTC,1808898,Benitec Biopharma Inc.,filter1,no YoY growth
ALIT,1809104,"Alight, Inc. / Delaware",filter1,growth -3% <= 20%
GDRX,1809519,"GoodRx Holdings, Inc.",filter1,growth -1% <= 20%
EDBL,1809750,Edible Garden AG Inc,filter1,growth 13% <= 20%
MIR,1809987,"Mirion Technologies, Inc.",filter1,growth 20% <= 20%
RXT,1810019,"Rackspace Technology, Inc.",filter1,growth 1% <= 20%
ALXO,1810182,ALX ONCOLOGY HOLDINGS INC,filter1,stale fundamentals
EBC,1810546,"Eastern Bankshares, Inc.",filter1,growth 19% <= 20%
U,1810806,Unity Software Inc.,filter1,gross margin falling (+5.1%)
NUVB,1811063,Nuvation Bio Inc.,filter1,not accelerating (0/1 qtrs)
TPL,1811074,Texas Pacific Land Corp,filter1,gross margin unavailable
LCID,1811210,"Lucid Group, Inc.",filter1,not accelerating (0/1 qtrs)
RLAY,1812364,"Relay Therapeutics, Inc.",filter1,growth -48% <= 20%
KEEL,1812477,Keel Infrastructure Corp.,filter1,growth -50% <= 20%
EZRA,1812727,"Reliance Global Group, Inc.",filter1,growth -32% <= 20%
OBIO,1814114,"Orchestra BioMed Holdings, Inc.",filter1,growth -89% <= 20%
BURU,1814215,"Nuburu, Inc.",filter1,no YoY growth
ABX,1814287,"Abacus Global Management, Inc.",filter1,not accelerating (0/1 qtrs)
LENZ,1815776,"LENZ Therapeutics, Inc.",filter1,growth 10% <= 20%
SPIR,1816017,"Spire Global, Inc.",filter1,growth -6% <= 20%
QSI,1816431,Quantum-Si Inc,filter1,growth -42% <= 20%
OUST,1816581,"Ouster, Inc.",filter1,not accelerating (0/1 qtrs)
NXXT,1817004,"NEXTNRG, INC.",filter1,not accelerating (0/1 qtrs)
ARTV,1817241,"Artiva Biotherapeutics, Inc.",filter1,stale fundamentals
ASO,1817358,"Academy Sports & Outdoors, Inc.",filter1,growth 3% <= 20%
JANX,1817713,"Janux Therapeutics, Inc.",filter1,no YoY growth
SMTK,1817760,"SmartKem, Inc.",filter1,growth -13% <= 20%
SKIN,1818093,SkinHealth Systems Inc.,filter1,growth -8% <= 20%
CCC,1818201,CCC Intelligent Solutions Holdings Inc.,filter1,growth 10% <= 20%
ARAI,1818274,Arrive AI Inc.,filter1,growth -84% <= 20%
WGS,1818331,GeneDx Holdings Corp.,filter1,growth 11% <= 20%
HUMA,1818382,"Humacyte, Inc.",filter1,not accelerating (0/1 qtrs)
OPFI,1818502,OppFi Inc.,filter1,growth -14% <= 20%
TNGX,1819133,"Tango Therapeutics, Inc.",filter1,growth -100% <= 20%
SES,1819142,SES AI Corp,filter1,not accelerating (0/1 qtrs)
BTMD,1819253,biote Corp.,filter1,growth -9% <= 20%
NRDY,1819404,Nerdy Inc.,filter1,growth -4% <= 20%
GANX,1819411,"Gain Therapeutics, Inc.",filter1,stale fundamentals
GWH,1819438,"ESS Tech, Inc.",filter1,growth -97% <= 20%
XOS,1819493,"Xos, Inc.",filter1,growth -74% <= 20%
UP,1819516,Wheels Up Experience Inc.,filter1,growth -4% <= 20%
BARK,1819574,"Bark, Inc.",filter1,growth -23% <= 20%
LQDA,1819576,Liquidia Corp,filter1,not accelerating (0/1 qtrs)
TARS,1819790,"Tarsus Pharmaceuticals, Inc.",filter1,not accelerating (0/1 qtrs)
GCMG,1819796,GCM Grosvenor Inc.,filter1,growth 12% <= 20%
JOBY,1819848,"Joby Aviation, Inc.",filter1,not accelerating (0/1 qtrs)
DV,1819928,"DoubleVerify Holdings, Inc.",filter1,growth 3% <= 20%
CIFR,1819989,Cipher Digital Inc.,filter1,growth -43% <= 20%
GRND,1820144,Grindr Inc.,filter1,not accelerating (0/1 qtrs)
SCLX,1820190,Scilex Holding Co,filter1,growth -23% <= 20%
BKKT,1820302,"Bakkt, Inc.",filter1,stale fundamentals
ARRY,1820721,"Array Technologies, Inc.",filter1,growth -6% <= 20%
GBTG,1820872,"Global Business Travel Group, Inc.",filter1,gross margin unavailable
CXAI,1820875,CXApp Inc.,filter1,gross margin falling (-25.7%)
AFRM,1820953,"Affirm Holdings, Inc.",filter1,gross margin unavailable
EVGO,1821159,EVgo Inc.,filter1,growth -16% <= 20%
MSGM,1821175,Motorsport Games Inc.,filter1,not accelerating (0/1 qtrs)
EXOD,1821534,"Exodus Movement, Inc.",filter1,growth 2% <= 20%
NVTS,1821769,Navitas Semiconductor Corp,filter1,growth -27% <= 20%
LESL,1821806,"Leslie's, Inc.",filter1,growth -8% <= 20%
OGN,1821825,Organon & Co.,filter1,growth -2% <= 20%
DCGO,1822359,DocGo Inc.,filter1,growth -9% <= 20%
FHTX,1822462,Foghorn Therapeutics Inc.,filter1,gross margin unavailable
SHC,1822479,Sotera Health Co,filter1,growth 9% <= 20%
HLMN,1822492,Hillman Solutions Corp.,filter1,growth 10% <= 20%
AFCG,1822523,Advanced Flower Capital Inc.,filter1,stale fundamentals
CLNN,1822791,Clene Inc.,filter1,gross margin falling (-40.0%)
HLLY,1822928,Holley Inc.,filter1,growth 3% <= 20%
SMR,1822966,NUSCALE POWER Corp,filter1,growth -99% <= 20%
JXN,1822993,Jackson Financial Inc.,filter1,no YoY growth
GPGI,1823144,"GPGI, Inc.",filter1,no YoY growth
MRVI,1823239,"MARAVAI LIFESCIENCES HOLDINGS, INC.",filter1,growth 9% <= 20%
ACT,1823529,"Enact Holdings, Inc.",filter1,growth 4% <= 20%
AENT,1823584,ALLIANCE ENTERTAINMENT HOLDING CORP,filter1,growth 18% <= 20%
SKYH,1823587,Sky Harbour Group Corp,filter1,not accelerating (0/1 qtrs)
ARKO,1823794,ARKO Corp.,filter1,growth 17% <= 20%
MYPS,1823878,"PLAYSTUDIOS, Inc.",filter1,growth -7% <= 20%
OWL,1823945,BLUE OWL CAPITAL INC.,filter1,growth 7% <= 20%
GRI,1824293,"GRI Bio, Inc.",filter1,stale fundamentals
RSVR,1824403,"Reservoir Media, Inc.",filter1,growth 12% <= 20%
ACHR,1824502,Archer Aviation Inc.,filter1,no YoY growth
SRZN,1824893,"Surrozen, Inc./DE",filter1,gross margin unavailable
IONQ,1824920,"IonQ, Inc.",filter1,not accelerating (0/1 qtrs)
OPAD,1825024,Offerpad Solutions Inc.,filter1,growth -52% <= 20%
DFH,1825088,"Dream Finders Homes, Inc.",filter1,growth -8% <= 20%
ONFO,1825452,"Onfolio Holdings, Inc",filter1,growth -52% <= 20%
PARA,1826011,"Banzai International, Inc.",filter1,growth -27% <= 20%
AVX,1826397,AVAX ONE TECHNOLOGY LTD.,filter1,not accelerating (0/1 qtrs)
GLUE,1826457,"Monte Rosa Therapeutics, Inc.",filter1,growth -61% <= 20%
WOOF,1826470,"Petco Health & Wellness Company, Inc.",filter1,growth 0% <= 20%
MNTK,1826600,"Montauk Renewables, Inc.",filter1,growth 20% <= 20%
WETH,1826660,Wetouch Technology Inc.,filter1,growth 13% <= 20%
TLSI,1826667,"TriSalus Life Sciences, Inc.",filter1,growth 2% <= 20%
PDYN,1826681,Palladyne AI Corp.,filter1,gross margin falling (-17.3%)
BODI,1826889,"Beachbody Company, Inc.",filter1,growth -22% <= 20%
CERT,1827090,"Certara, Inc.",filter1,growth 1% <= 20%
PLTK,1828016,Playtika Holding Corp.,filter1,growth 5% <= 20%
HIPO,1828105,Hippo Holdings Inc.,filter1,gross margin unavailable
AUR,1828108,"Aurora Innovation, Inc.",filter1,not accelerating (0/1 qtrs)
FTCI,1828161,"FTC Solar, Inc.",filter1,not accelerating (0/1 qtrs)
ENVX,1828318,Enovix Corp,filter1,not accelerating (0/1 qtrs)
NRGV,1828536,"Energy Vault Holdings, Inc.",filter1,not accelerating (0/1 qtrs)
HCWB,1828673,HCW Biologics Inc.,filter1,not accelerating (0/1 qtrs)
DSP,1828791,Viant Technology Inc.,filter1,gross margin falling (-2.9%)
ALMU,1828805,"Aeluma, Inc.",filter1,growth -56% <= 20%
FOA,1828937,Finance of America Companies Inc.,filter1,growth -65% <= 20%
CRCT,1828962,"Cricut, Inc.",filter1,growth -9% <= 20%
BZFD,1828972,"BuzzFeed, Inc.",filter1,growth -22% <= 20%
BFRG,1829247,"BullFrog AI Holdings, Inc.",filter1,not accelerating (0/1 qtrs)
EMPD,1829794,Empery Digital Inc.,filter1,growth -58% <= 20%
TASK,1829864,"TaskUs, Inc.",filter1,growth 5% <= 20%
PCT,1830033,"PureCycle Technologies, Inc.",filter1,not accelerating (0/1 qtrs)
BMBL,1830043,Bumble Inc.,filter1,growth -15% <= 20%
IPW,1830072,iPower Inc.,filter1,growth -78% <= 20%
DNA,1830214,"Ginkgo Bioworks Holdings, Inc.",filter1,growth -48% <= 20%
GEG,1831096,"Great Elm Group, Inc.",filter1,gross margin unavailable
AGL,1831097,"agilon health, inc.",filter1,growth 7% <= 20%
SOC,1831481,Sable Offshore Corp.,filter1,no YoY growth
LDI,1831631,"loanDepot, Inc.",filter1,growth 19% <= 20%
SHLS,1831651,"Shoals Technologies Group, Inc.",filter1,not accelerating (0/1 qtrs)
ICU,1831868,SeaStar Medical Holding Corp,filter1,not accelerating (0/1 qtrs)
CTKB,1831915,"Cytek Biosciences, Inc.",filter1,growth 6% <= 20%
IVVD,1832038,"Invivyd, Inc.",filter1,not accelerating (0/1 qtrs)
AVAH,1832332,"Aveanna Healthcare Holdings, Inc.",filter1,growth 14% <= 20%
ALHC,1832466,"Alignment Healthcare, Inc.",filter1,not accelerating (0/1 qtrs)
SERV,1832483,Serve Robotics Inc. /DE/,filter1,not accelerating (0/1 qtrs)
PIII,1832511,P3 Health Partners Inc.,filter1,growth 9% <= 20%
SWIM,1833197,"Latham Group, Inc.",filter1,growth 14% <= 20%
SABS,1833214,"SAB Biotherapeutics, Inc.",filter1,stale fundamentals
MDAI,1833498,"Spectral AI, Inc.",filter1,growth -30% <= 20%
DRS,1833756,"Leonardo DRS, Inc.",filter1,growth 10% <= 20%
HYPR,1833769,"Hyperfine, Inc.",filter1,not accelerating (0/1 qtrs)
IBO,1834105,IMPACT BIOMEDICAL INC.,filter1,growth -57% <= 20%
INNV,1834376,InnovAge Holding Corp.,filter1,growth 18% <= 20%
NABL,1834488,"N-able, Inc.",filter1,growth 6% <= 20%
CPNG,1834584,"Coupang, Inc.",filter1,growth 4% <= 20%
HAYW,1834622,"Hayward Holdings, Inc.",filter1,growth 12% <= 20%
COYA,1835022,"Coya Therapeutics, Inc.",filter1,not accelerating (0/1 qtrs)
CNTB,1835268,Connect Biopharma Holdings Ltd,filter1,not accelerating (0/1 qtrs)
IMA,1835579,"ImageneBio, Inc.",filter1,stale fundamentals
KVYO,1835830,"Klaviyo, Inc.",filter1,not accelerating (0/1 qtrs)
BETR,1835856,Better Home & Finance Holding Co,filter1,not accelerating (0/1 qtrs)
LGCY,1836754,Legacy Education Inc.,filter1,growth 12% <= 20%
BBAI,1836981,"BigBear.ai Holdings, Inc.",filter1,growth 13% <= 20%
SMRT,1837014,"SmartRent, Inc.",filter1,growth 4% <= 20%
SYM,1837240,Symbotic Inc.,filter1,not accelerating (0/1 qtrs)
BNAI,1838163,Brand Engagement Network Inc.,filter1,not accelerating (0/1 qtrs)
BKV,1838406,BKV Corp,filter1,not accelerating (0/1 qtrs)
ALTI,1838615,"AlTi Global, Inc.",filter1,growth 11% <= 20%
SPWR,1838987,SunPower Inc.,filter1,growth -17% <= 20%
HCTI,1839285,"Healthcare Triangle, Inc.",filter1,gross margin falling (+4.8%)
XBP,1839530,"XBP Global Holdings, Inc.",filter1,growth 5% <= 20%
JBI,1839839,"Janus International Group, Inc.",filter1,growth 2% <= 20%
XLO,1840233,"Xilio Therapeutics, Inc.",filter1,not accelerating (0/1 qtrs)
VEEA,1840317,VEEA INC.,filter1,not accelerating (0/1 qtrs)
SSM,1840416,Sono Group N.V.,filter1,no YoY growth
BMEA,1840439,"Biomea Fusion, Inc.",filter1,stale fundamentals
TBLA,1840502,Taboola.com Ltd.,filter1,growth 2% <= 20%
ELAB,1840563,PMGC Holdings Inc.,filter1,no YoY growth
LUCK,1840572,Lucky Strike Entertainment Corp,filter1,growth 1% <= 20%
HGTY,1840776,"Hagerty, Inc.",filter1,growth -6% <= 20%
LOCL,1840780,Local Bounti Corporation/DE,filter1,growth 14% <= 20%
SOUN,1840856,"SOUNDHOUND AI, INC.",filter1,not accelerating (0/1 qtrs)
COCH,1840877,"Envoy Medical, Inc.",filter1,growth -35% <= 20%
PAY,1841156,"Paymentus Holdings, Inc.",filter1,not accelerating (0/1 qtrs)
HOLO,1841209,MicroCloud Hologram Inc.,filter1,stale fundamentals
KTTA,1841330,Pasithea Therapeutics Corp.,filter1,stale fundamentals
CADL,1841387,"Candel Therapeutics, Inc.",filter1,stale fundamentals
DAVE,1841408,Dave Inc./DE,filter1,not accelerating (0/1 qtrs)
APA,1841666,APA Corp,filter1,stale fundamentals
GROV,1841761,"Grove Collaborative Holdings, Inc.",filter1,growth -17% <= 20%
INDI,1841925,"indie Semiconductor, Inc.",filter1,gross margin falling (-4.0%)
RPC,1841968,"Ridgepost Capital, Inc.",filter1,growth 11% <= 20%
DTM,1842022,"DT Midstream, Inc.",filter1,growth 11% <= 20%
OPAL,1842279,OPAL Fuels Inc.,filter1,growth 4% <= 20%
MAZE,1842295,"Maze Therapeutics, Inc.",filter1,no YoY growth
EONR,1842556,EON Resources Inc.,filter1,stale fundamentals
YHC,1843165,LQR House Inc.,filter1,growth -31% <= 20%
RMCO,1843656,Royalty Management Holding Corp,filter1,not accelerating (0/1 qtrs)
LNZA,1843724,"LanzaTech Global, Inc.",filter1,growth -1% <= 20%
LUNR,1844452,"Intuitive Machines, Inc.",filter1,gross margin unavailable
QTI,1844505,"QT IMAGING HOLDINGS, INC.",filter1,not accelerating (0/1 qtrs)
SLDP,1844862,"Solid Power, Inc.",filter1,growth -104% <= 20%
VIP,1844971,Vulcan Infrastructure & Power Inc.,filter1,growth -74% <= 20%
ANNA,1845123,"AleAnna, Inc.",filter1,not accelerating (0/1 qtrs)
LFST,1845257,"LifeStance Health Group, Inc.",filter1,gross margin unavailable
NPWR,1845437,Net Power Inc.,filter1,stale fundamentals
PAYO,1845815,Payoneer Global Inc.,filter1,growth 5% <= 20%
NXDR,1846069,"Nextdoor Holdings, Inc.",filter1,growth 15% <= 20%
OABI,1846253,"OmniAb, Inc.",filter1,gross margin unavailable
FIGS,1846576,"FIGS, Inc.",filter1,not accelerating (0/1 qtrs)
PSQH,1847064,"PSQ Holdings, Inc.",filter1,not accelerating (0/1 qtrs)
ASBP,1847345,"Aspire Biopharma Holdings, Inc.",filter1,no YoY growth
ALMS,1847367,ALUMIS INC.,filter1,growth -38% <= 20%
BWMN,1847590,Bowman Consulting Group Ltd.,filter1,growth 20% <= 20%
EUDA,1847846,EUDA Health Holdings Ltd,filter1,stale fundamentals
BEEP,1847874,Mobile Infrastructure Corp,filter1,growth -1% <= 20%
DFLI,1847986,Dragonfly Energy Holdings Corp.,filter1,growth -19% <= 20%
TOP,1848275,TOP Financial Group Ltd,filter1,growth -19% <= 20%
OKLO,1849056,Oklo Inc.,filter1,no YoY growth
RYAN,1849253,"RYAN SPECIALTY HOLDINGS, INC.",filter1,growth 7% <= 20%
ONMD,1849380,OneMedNet Corp,filter1,not accelerating (0/1 qtrs)
DJT,1849635,Trump Media & Technology Group Corp.,filter1,gross margin falling (+16.0%)
KITT,1849820,"Nauticus Robotics, Inc.",filter1,growth -57% <= 20%
IPSC,1850119,"Century Therapeutics, Inc.",filter1,stale fundamentals
PROK,1850270,PROKIDNEY CORP.,filter1,growth -32% <= 20%
LFTO,1850351,"Liftoff Mobile, Inc.",filter1,not accelerating (0/1 qtrs)
TKNO,1850902,"Alpha Teknova, Inc.",filter1,growth 18% <= 20%
ZETA,1851003,Zeta Global Holdings Corp.,filter1,gross margin falling (-1.4%)
CTOR,1851484,"CITIUS ONCOLOGY, INC.",filter1,no YoY growth
AMSS,1851491,AMASS BRANDS,filter1,growth 2% <= 20%
GCTS,1851961,"GCT Semiconductor Holding, Inc.",filter1,growth -18% <= 20%
NXT,1852131,Nextpower Inc.,filter1,growth 8% <= 20%
GXO,1852244,"GXO Logistics, Inc.",filter1,growth 4% <= 20%
BRLS,1852973,Borealis Foods Inc.,filter1,growth 8% <= 20%
SOAR,1853070,"Volato Group, Inc.",filter1,growth -96% <= 20%
KDK,1853138,"Kodiak AI, Inc.",filter1,gross margin unavailable
EVCM,1853145,EverCommerce Inc.,filter1,growth 3% <= 20%
DTCX,1853825,"Datacentrex, Inc.",filter1,growth -1% <= 20%
FRVO,1853868,Fervo Energy Co,filter1,no YoY growth
SCTX,1853921,"Scribe Therapeutics, Inc.",filter1,growth -61% <= 20%
IAUX,1853962,i-80 Gold Corp.,filter1,growth -13% <= 20%
ZVIA,1854139,Zevia PBC,filter1,growth 1% <= 20%
SNTI,1854270,"Senti Biosciences Holdings, Inc.",filter1,no YoY growth
DGXX,1854368,Digi Power X Inc.,filter1,growth -18% <= 20%
BTLN,1854445,"Brightline Interactive, Inc./NV",filter1,no YoY growth
SHFS,1854963,"SHF Holdings, Inc.",filter1,growth 5% <= 20%
CTNM,1855175,"Contineum Therapeutics, Inc.",filter1,stale fundamentals
TYGO,1855447,"TIGO ENERGY, INC.",filter1,growth 6% <= 20%
MOBX,1855467,"MOBIX LABS, INC",filter1,growth -66% <= 20%
CLDI,1855485,"Calidi Biotherapeutics, Inc.",filter1,stale fundamentals
VEEE,1855509,"Twin Vee PowerCats, Co.",filter1,growth -34% <= 20%
BLND,1855747,"Blend Labs, Inc.",filter1,growth 7% <= 20%
BTCO,1855781,Invesco Galaxy Bitcoin ETF,filter1,stale fundamentals
SEAT,1856031,Vivid Seats Inc.,filter1,growth -9% <= 20%
YOU,1856314,"Clear Secure, Inc.",filter1,gross margin unavailable
VSXY,1856437,Victoria's Secret & Co.,filter1,growth 10% <= 20%
SLVM,1856485,Sylvamo Corp,filter1,growth 2% <= 20%
CNM,1856525,"Core & Main, Inc.",filter1,growth 2% <= 20%
RANI,1856725,"Rani Therapeutics Holdings, Inc.",filter1,no YoY growth
TRUG,1857086,"TruGolf Holdings, Inc.",filter1,gross margin falling (-9.5%)
DNUT,1857154,"Krispy Kreme, Inc.",filter1,growth -13% <= 20%
DOLE,1857475,Dole plc,filter1,growth 3% <= 20%
GCT,1857816,GigaCloud Technology Inc,filter1,not accelerating (0/1 qtrs)
COOK,1857853,"Traeger, Inc.",filter1,growth -17% <= 20%
APO,1858681,"Apollo Global Management, Inc.",filter1,gross margin unavailable
BFRI,1858685,Biofrontera Inc.,filter1,gross margin unavailable
TNYA,1858848,"Tenaya Therapeutics, Inc.",filter1,no YoY growth
AIRE,1859199,reAlpha Tech Corp.,filter1,growth -11% <= 20%
GLXY,1859392,Galaxy Digital Inc.,filter1,growth -1% <= 20%
PFSA,1859807,"Profusa, Inc.",filter1,stale fundamentals
YSWY,1859836,"Yesway, Inc.",filter1,not accelerating (0/1 qtrs)
FLY,1860160,Firefly Aerospace Inc.,filter1,gross margin falling (-7.3%)
CDRE,1860543,"Cadre Holdings, Inc.",filter1,gross margin falling (-0.7%)
ALLR,1860657,"Allarity Therapeutics, Inc.",filter1,no YoY growth
BLCO,1860742,Bausch & Lomb Corp,filter1,growth 9% <= 20%
CNTN,1861657,"Canton Strategic Holdings, Inc.",filter1,no YoY growth
DH,1861795,Definitive Healthcare Corp.,filter1,growth -9% <= 20%
CURR,1862935,Currenc Group Inc.,filter1,stale fundamentals
MSAI,1863990,"MultiSensor AI Holdings, Inc.",filter1,growth 19% <= 20%
FGI,1864943,FGI Industries Ltd.,filter1,growth 3% <= 20%
AKA,1865107,A.K.A. BRANDS HOLDING CORP.,filter1,growth -0% <= 20%
ANGX,1865200,"Angel Studios, Inc.",filter1,not accelerating (0/1 qtrs)
ZEO,1865506,Zeo Energy Corp.,filter1,growth -11% <= 20%
NN,1865631,NEXTNAV INC.,filter1,growth -4% <= 20%
BTSG,1865782,"BrightSpring Health Services, Inc.",filter1,not accelerating (0/1 qtrs)
CRGY,1866175,Crescent Energy Co,filter1,gross margin unavailable
EMAT,1866226,Evolution Metals & Technologies Corp.,filter1,no YoY growth
CCSI,1866633,"Consensus Cloud Solutions, Inc.",filter1,growth 4% <= 20%
AMPL,1866692,"Amplitude, Inc.",filter1,gross margin falling (-5.5%)
BRLT,1866757,"Brilliant Earth Group, Inc.",filter1,growth 6% <= 20%
DERM,1867066,Journey Medical Corp,filter1,gross margin unavailable
KD,1867072,"Kyndryl Holdings, Inc.",filter1,growth -3% <= 20%
XERS,1867096,"Xeris Biopharma Holdings, Inc.",filter1,not accelerating (0/1 qtrs)
REFI,1867949,"Chicago Atlantic Real Estate Finance, Inc.",filter1,stale fundamentals
LINE,1868159,"Lineage, Inc.",filter1,growth 1% <= 20%
CEG,1868275,Constellation Energy Corp,filter1,not accelerating (0/1 qtrs)
CYCU,1868419,"Cycurion, Inc.",filter1,growth -3% <= 20%
FLNC,1868941,"Fluence Energy, Inc.",filter1,growth 8% <= 20%
LTH,1869198,"Life Time Group Holdings, Inc.",filter1,growth 14% <= 20%
CDIO,1870144,"Cardio Diagnostics Holdings, Inc.",filter1,growth -28% <= 20%
AIRS,1870940,"Airsculpt Technologies, Inc.",filter1,growth -3% <= 20%
PTLO,1871509,Portillo's Inc.,filter1,growth 6% <= 20%
BZAI,1871638,"Blaize Holdings, Inc.",filter1,not accelerating (0/1 qtrs)
SWAG,1872525,"Stran & Company, Inc.",filter1,growth 2% <= 20%
EMBC,1872789,Embecta Corp.,filter1,growth -8% <= 20%
KLC,1873529,"KinderCare Learning Companies, Inc.",filter1,growth -0% <= 20%
IXHL,1873875,Incannex Healthcare Inc.,filter1,stale fundamentals
ONL,1873923,Orion Properties Inc.,filter1,growth -8% <= 20%
XZO,1873951,"Exzeo Group, Inc.",filter1,growth 3% <= 20%
ARHS,1875444,"Arhaus, Inc.",filter1,growth 7% <= 20%
CRCL,1876042,"Circle Internet Group, Inc.",filter1,growth 7% <= 20%
KMTS,1877184,"KESTRA MEDICAL TECHNOLOGIES, LTD.",filter1,not accelerating (0/1 qtrs)
ESAB,1877322,ESAB Corp,filter1,growth 13% <= 20%
CTM,1877939,"Castellum, Inc.",filter1,growth -1% <= 20%
MAIA,1878313,"MAIA Biotechnology, Inc.",filter1,stale fundamentals
IREN,1878848,IREN Ltd,filter1,growth -27% <= 20%
DOUG,1878897,Douglas Elliman Inc.,filter1,growth 4% <= 20%
IE,1879016,Ivanhoe Electric Inc.,filter1,growth -32% <= 20%
LRHC,1879403,La Rosa Holdings Corp.,filter1,growth -26% <= 20%
SIDU,1879726,Sidus Space Inc.,filter1,growth -54% <= 20%
PRM,1880319,"Perimeter Solutions, Inc.",filter1,not accelerating (0/1 qtrs)
AMZE,1880343,"AMAZE HOLDINGS, INC.",filter1,growth -29% <= 20%
DRCT,1880613,"Direct Digital Holdings, Inc.",filter1,growth -23% <= 20%
TPG,1880661,TPG Inc.,filter1,gross margin unavailable
ACDC,1881487,ProFrac Holding Corp.,filter1,growth -1% <= 20%
STI,1881551,Solidion Technology Inc.,filter1,not accelerating (0/1 qtrs)
NSTS,1881592,"NSTS Bancorp, Inc.",filter1,growth 2% <= 20%
ODTX,1882782,"Odyssey Therapeutics, Inc.",filter1,growth -100% <= 20%
PGY,1883085,Pagaya Technologies Ltd.,filter1,growth 19% <= 20%
SVV,1883313,"Savers Value Village, Inc.",filter1,growth 7% <= 20%
DKNG,1883685,DraftKings Inc.,filter1,growth -5% <= 20%
SLND,1883814,"Southland Holdings, Inc.",filter1,growth -47% <= 20%
DTI,1884516,Drilling Tools International Corp,filter1,growth -3% <= 20%
SLDE,1886428,"Slide Insurance Holdings, Inc.",filter1,gross margin unavailable
SNAL,1886894,"Snail, Inc.",filter1,growth -11% <= 20%
SHIM,1887944,Shimmick Corp,filter1,growth -17% <= 20%
EE,1888447,"Excelerate Energy, Inc.",filter1,gross margin unavailable
FLD,1889123,"Fold Holdings, Inc.",filter1,growth -26% <= 20%
CRBG,1889539,"Corebridge Financial, Inc.",filter1,gross margin unavailable
BRCC,1891101,BRC Inc.,filter1,growth 13% <= 20%
GENK,1891856,"GEN Restaurant Group, Inc.",filter1,growth 1% <= 20%
MSS,1892292,Maison Solutions Inc.,filter1,stale fundamentals
HTCR,1892322,"HeartCore Enterprises, Inc.",filter1,growth -93% <= 20%
ORBS,1892492,Eightco Holdings Inc.,filter1,growth -73% <= 20%
FBDT,1892704,"First Breach, Inc.",filter1,growth 0% <= 20%
PRME,1894562,"Prime Medicine, Inc.",filter1,stale fundamentals
XPON,1894954,"Expion Energy, Inc.",filter1,growth -32% <= 20%
NE,1895262,Noble Corp plc,filter1,growth -15% <= 20%
GXAI,1895618,GAXOS.AI INC.,filter1,not accelerating (0/1 qtrs)
HWH,1897245,HWH International Inc.,filter1,growth -79% <= 20%
INGM,1897762,Ingram Micro Holding Corp,filter1,growth 14% <= 20%
GETY,1898496,"Getty Images Holdings, Inc.",filter1,growth -2% <= 20%
GMRS,1898718,GMR Solutions Inc.,filter1,growth 3% <= 20%
TPET,1898766,Trio Petroleum Corp,filter1,not accelerating (0/1 qtrs)
AMPX,1899287,"Amprius Technologies, Inc.",filter1,not accelerating (0/1 qtrs)
FIP,1899883,FTAI Infrastructure Inc.,filter1,not accelerating (0/1 qtrs)
UCFI,1901203,CN Healthy Food Tech Group Corp.,filter1,growth 17% <= 20%
ULS,1901440,UL Solutions Inc.,filter1,growth 5% <= 20%
MPTI,1902314,"M-tron Industries, Inc.",filter1,growth 14% <= 20%
NCNO,1902733,"nCino, Inc.",filter1,growth 8% <= 20%
BHM,1903382,"Bluerock Homes Trust, Inc.",filter1,growth 15% <= 20%
PPHC,1903508,"Public Policy Holding Company, Inc.",filter1,growth 7% <= 20%
HODO,1903595,House of Doge Inc.,filter1,no YoY growth
TGL,1905956,TREASURE GLOBAL INC,filter1,gross margin falling (-67.8%)
QDEL,1906324,QuidelOrtho Corp,filter1,growth 3% <= 20%
LXEO,1907108,"Lexeo Therapeutics, Inc.",filter1,stale fundamentals
QBTS,1907982,D-Wave Quantum Inc.,filter1,growth -1% <= 20%
MBLY,1910139,Mobileye Global Inc.,filter1,growth 0% <= 20%
GITS,1911545,"Global Interactive Technologies, Inc.",filter1,not accelerating (0/1 qtrs)
ECBK,1914605,"ECB Bancorp, Inc. /MD/",filter1,growth -1% <= 20%
PTHS,1919246,Pelthos Therapeutics Inc.,filter1,no YoY growth
ASST,1920406,"Strive, Inc.",filter1,not accelerating (0/1 qtrs)
WHK,1921603,WhiteHawk Minerals Corp.,filter1,not accelerating (0/1 qtrs)
ASPI,1921865,ASP Isotopes Inc.,filter1,not accelerating (0/1 qtrs)
ATMU,1921963,Atmus Filtration Technologies Inc.,filter1,growth 16% <= 20%
DEC,1922446,Diversified Energy Co,filter1,not accelerating (0/1 qtrs)
NNE,1923891,Nano Nuclear Energy Inc.,filter1,no YoY growth
LCLN,1925283,"Lincoln International, Inc.",filter1,not accelerating (0/1 qtrs)
GRNT,1928446,"Granite Ridge Resources, Inc.",filter1,gross margin unavailable
RXO,1929561,"RXO, Inc.",filter1,gross margin falling (-3.0%)
SBC,1930313,SBC Medical Group Holdings Inc,filter1,growth 13% <= 20%
GEHC,1932393,GE HealthCare Technologies Inc.,filter1,growth 7% <= 20%
SUJA,1934114,"SUJA LIFE, INC.",filter1,growth 12% <= 20%
NWTG,1934245,"Newton Golf Company, Inc.",filter1,growth -36% <= 20%
FG,1934850,"F&G Annuities & Life, Inc.",filter1,growth 4% <= 20%
SRFM,1936224,SURF AIR MOBILITY INC.,filter1,growth 8% <= 20%
NAMS,1936258,NewAmsterdam Pharma Co N.V.,filter1,growth -81% <= 20%
ZYME,1937653,Zymeworks Inc.,filter1,growth -91% <= 20%
AMCI,1937891,AMC Robotics Corp,filter1,growth -33% <= 20%
BAM,1937926,Brookfield Asset Management Ltd.,filter1,gross margin unavailable
FBYD,1937987,"Falcon's Beyond Global, Inc.",filter1,not accelerating (0/1 qtrs)
MGRX,1938046,"MANGOCEUTICALS, INC.",filter1,growth -59% <= 20%
PAPL,1938109,Pineapple Financial Inc.,filter1,growth -17% <= 20%
PODC,1940177,"PodcastOne, Inc.",filter1,growth 8% <= 20%
MBC,1941365,"MasterBrand, Inc.",filter1,growth 12% <= 20%
BAER,1941536,"Bridger Aerospace Group Holdings, Inc.",filter1,growth -1% <= 20%
RBRK,1943896,"Rubrik, Inc.",filter1,not accelerating (0/1 qtrs)
KVUE,1944048,Kenvue Inc.,filter1,growth 3% <= 20%
VTS,1944558,"Vitesse Energy, Inc.",filter1,growth 11% <= 20%
NAKA,1946573,Nakamoto Inc.,filter1,gross margin unavailable
FJET,1947016,"Starfighters Space, Inc.",filter1,no YoY growth
ROLR,1947210,"High Roller Technologies, Inc.",filter1,growth -52% <= 20%
ISPR,1948455,Ispire Technology Inc.,filter1,gross margin falling (-10.6%)
HOST,1948864,Host Digital Inc.,filter1,growth -18% <= 20%
MH,1951070,"McGraw Hill, Inc.",filter1,growth 3% <= 20%
CTNT,1951667,CHEETAH NET SUPPLY CHAIN SERVICE INC.,filter1,gross margin falling (-10.0%)
MSGE,1952073,Madison Square Garden Entertainment Corp.,filter1,gross margin unavailable
MAMO,1952853,Massimo Group,filter1,growth -21% <= 20%
NLOP,1952976,Net Lease Office Properties,filter1,growth -78% <= 20%
STHO,1953366,Star Holdings,filter1,growth -54% <= 20%
ZBIO,1953926,"Zenas BioPharma, Inc.",filter1,no YoY growth
BCG,1953984,"Binah Capital Group, Inc.",filter1,growth 12% <= 20%
KNF,1955520,Knife River Corp,filter1,growth 13% <= 20%
ENHA,1956439,Enhanced Group Inc.,filter1,no YoY growth
ZONE,1956741,Zone Frontier Inc.,filter1,growth -1% <= 20%
TRON,1956744,Tron Inc.,filter1,growth 17% <= 20%
UMAC,1956955,"Unusual Machines, Inc.",filter1,gross margin falling (-4.7%)
SN,1957132,"SharkNinja, Inc.",filter1,not accelerating (0/1 qtrs)
CLB,1958086,Core Laboratories Inc. /DE/,filter1,growth -4% <= 20%
BATRA,1958140,"Atlanta Braves Holdings, Inc.",filter1,growth -2% <= 20%
RENX,1959023,RenX Enterprises Corp.,filter1,not accelerating (0/1 qtrs)
EXYN,1960355,"Exyn Technologies, Inc.",filter1,growth -30% <= 20%
TOPP,1960847,Toppoint Holdings Inc.,filter1,growth 17% <= 20%
INHD,1961847,INNO HOLDINGS INC.,filter1,not accelerating (0/1 qtrs)
BOF,1962481,BranchOut Food Inc.,filter1,not accelerating (0/1 qtrs)
ATCH,1963088,"AtlasClear Holdings, Inc.",filter1,gross margin unavailable
RR,1963685,RICHTECH ROBOTICS INC.,filter1,growth 17% <= 20%
SOLV,1964738,Solventum Corp,filter1,growth 2% <= 20%
HUT,1964789,Hut 8 Corp.,filter1,not accelerating (0/1 qtrs)
FTRE,1965040,Fortrea Holdings Inc.,filter1,growth -5% <= 20%
VSTS,1967649,Vestis Corp,filter1,growth -2% <= 20%
VLTO,1967680,Veralto Corp,filter1,growth 7% <= 20%
WS,1968487,"Worthington Steel, Inc.",filter1,growth 12% <= 20%
PHIN,1968915,PHINIA INC.,filter1,growth 6% <= 20%
USAR,1970622,"USA Rare Earth, Inc.",filter1,no YoY growth
SBGI,1971213,"Sinclair, Inc.",filter1,growth 7% <= 20%
VHUB,1972234,"VenHub Global, Inc.",filter1,not accelerating (0/1 qtrs)
BTOC,1972529,Armlogi Holding Corp.,filter1,growth -15% <= 20%
VIDA,1973062,VIDA Global Inc.,filter1,not accelerating (0/1 qtrs)
TKO,1973266,"TKO Group Holdings, Inc.",filter1,growth 18% <= 20%
NATL,1974138,NCR Atleos Corp,filter1,growth 0% <= 20%
FLYE,1975940,"Fly-E Group, Inc.",filter1,growth -48% <= 20%
NTHI,1979414,"NEONC TECHNOLOGIES HOLDINGS, INC.",filter1,no YoY growth
MNR,1980088,MACH NATURAL RESOURCES LP,filter1,not accelerating (0/1 qtrs)
SBET,1981535,"Sharplink, Inc.",filter1,not accelerating (0/1 qtrs)
CTRI,1981599,"Centuri Holdings, Inc.",filter1,gross margin falling (-2.0%)
HHH,1981792,Howard Hughes Holdings Inc.,filter1,gross margin unavailable
SDHC,1982518,Smith Douglas Homes Corp.,filter1,gross margin falling (-3.4%)
GOAI,1983736,Eva Live Inc,filter1,growth 2% <= 20%
AESI,1984060,Atlas Energy Solutions Inc.,filter1,growth 2% <= 20%
SEPN,1984086,"Septerna, Inc.",filter1,gross margin unavailable
FVR,1988494,"FrontView REIT, Inc.",filter1,growth 3% <= 20%
WAY,1990354,Waystar Holding Corp.,filter1,growth 18% <= 20%
CGON,1991792,"CG Oncology, Inc.",filter1,no YoY growth
TE,1992243,T1 Energy Inc.,filter1,not accelerating (0/1 qtrs)
NWE,1993004,"NorthWestern Energy Group, Inc.",filter1,growth 15% <= 20%
FATN,1993400,Fatpipe Inc/UT,filter1,not accelerating (0/1 qtrs)
NOMA,1994214,Nomadar Corp.,filter1,not accelerating (0/1 qtrs)
LB,1995807,LandBridge Co LLC,filter1,gross margin unavailable
QNME,1996192,"Quanome Technologies, Inc.",filter1,growth -88% <= 20%
BG,1996862,Bunge Global SA,filter1,gross margin falling (-2.3%)
ARX,1997350,Accelerant Holdings,filter1,gross margin unavailable
TBN,1997652,Tamboran Resources Corp,filter1,no YoY growth
WBTN,1997859,WEBTOON Entertainment Inc.,filter1,growth -3% <= 20%
PAL,1998768,"Proficient Auto Logistics, Inc",filter1,growth -5% <= 20%
FUN,1999001,Six Flags Entertainment Corporation/NEW,filter1,growth -7% <= 20%
PACS,2001184,"PACS Group, Inc.",filter1,growth 9% <= 20%
INV,2001557,"Innventure, Inc.",filter1,not accelerating (0/1 qtrs)
BOW,2002473,Bowhead Specialty Holdings Inc.,filter1,not accelerating (0/1 qtrs)
SW,2005951,Smurfit Westrock plc,filter1,growth 1% <= 20%
ADGM,2006986,"Adagio Medical Holdings, Inc.",filter1,no YoY growth
AII,2007587,"American Integrity Insurance Group, Inc.",filter1,gross margin unavailable
TWFG,2007596,"TWFG, Inc.",filter1,gross margin unavailable
IOND,2007691,Ionic Digital Inc.,filter1,not accelerating (0/1 qtrs)
INFQ,2007825,"Infleqtion, Inc.",filter1,not accelerating (0/1 qtrs)
VG,2007855,"Venture Global, Inc.",filter1,not accelerating (0/1 qtrs)
INBX,2007919,"Inhibrx Biosciences, Inc.",filter1,growth -100% <= 20%
PUSA,2009312,Aureus Greenway Holdings Inc,filter1,growth 18% <= 20%
SEG,2009684,Seaport Entertainment Group Inc.,filter1,growth -14% <= 20%
EXOZ,2010788,EXOZYMES INC.,filter1,stale fundamentals
AMTM,2011286,"Amentum Holdings, Inc.",filter1,growth -2% <= 20%
FERG,2011641,Ferguson Enterprises Inc. /DE/,filter1,growth 5% <= 20%
BLK,2012383,"BlackRock, Inc.",filter1,gross margin unavailable
RAPP,2012593,"Rapport Therapeutics, Inc.",filter1,no YoY growth
SUNS,2012706,"Sunrise Realty Trust, Inc.",filter1,growth 3% <= 20%
FBLA,2013639,"FB Bancorp, Inc. /MD/",filter1,stale fundamentals
CLMT,2013745,"Calumet, Inc. /DE",filter1,gross margin falling (-33.4%)
FOXX,2013807,Foxx Development Holdings Inc.,filter1,growth -50% <= 20%
CON,2014596,"Concentra Group Holdings Parent, Inc.",filter1,growth 10% <= 20%
MRP,2017206,"Millrose Properties, Inc.",filter1,not accelerating (0/1 qtrs)
LHAI,2017758,Linkhome Holdings Inc.,filter1,growth 13% <= 20%
TTGT,2018064,"TechTarget, Inc.",filter1,growth -3% <= 20%
CAI,2019410,"Caris Life Sciences, Inc.",filter1,not accelerating (0/1 qtrs)
HIT,2019505,"Health In Tech, Inc.",filter1,growth -15% <= 20%
SAFX,2019793,"XCF Global, Inc.",filter1,growth -89% <= 20%
CABR,2020737,"Caring Brands, Inc.",filter1,stale fundamentals
UNIT,2020795,Uniti Group Inc.,filter1,not accelerating (0/1 qtrs)
CBRS,2021728,Cerebras Systems Inc.,filter1,not accelerating (0/1 qtrs)
HMH,2021880,HMH Holding Inc,filter1,growth -16% <= 20%
KIDZ,2022308,KIDZ AI Inc.,filter1,growth -34% <= 20%
UPB,2022626,"Upstream Bio, Inc.",filter1,growth -18% <= 20%
HDRN,2023730,"Hadron Energy, Inc.",filter1,no YoY growth
SMC,2024218,Summit Midstream Corp,filter1,growth 11% <= 20%
SARO,2025410,"StandardAero, Inc.",filter1,growth 5% <= 20%
PS,2026053,PERSHING SQUARE INC.,filter1,growth 2% <= 20%
ATHR,2026353,"Aether Holdings, Inc.",filter1,growth -4% <= 20%
NMAX,2026478,Newsmax Inc.,filter1,growth 17% <= 20%
CURB,2027317,Curbline Properties Corp.,filter1,not accelerating (0/1 qtrs)
RAIN,2028293,"Rain Enhancement Technologies Holdco, Inc.",filter1,no YoY growth
NUAI,2028336,"New ERA Energy & Digital, Inc.",filter1,growth -83% <= 20%
MRLN,2028707,"Merlin, Inc.",filter1,growth -29% <= 20%
INR,2029118,"INFINITY NATURAL RESOURCES, INC.",filter1,gross margin unavailable
MWYN,2030522,"Marwynn Holdings, Inc.",filter1,growth -53% <= 20%
PMI,2030617,"Picard Medical, Inc.",filter1,not accelerating (0/1 qtrs)
MEDS,2030763,"DataMeds AI, Inc.",filter1,growth -77% <= 20%
SAIL,2030781,"SailPoint, Inc.",filter1,growth 17% <= 20%
XHLD,2030954,"TEN Holdings, Inc.",filter1,growth -34% <= 20%
CYAB,2032341,"CYABRA, INC.",filter1,not accelerating (0/1 qtrs)
CJMB,2032545,CALLAN JMB INC.,filter1,growth -17% <= 20%
TIC,2032966,"TIC Solutions, Inc.",filter1,not accelerating (0/1 qtrs)
FUSE,2033383,Fusemachines Inc.,filter1,growth -12% <= 20%
DAIC,2033770,"CID Holdco, Inc.",filter1,growth -90% <= 20%
FLOC,2035149,Flowco Holdings Inc.,filter1,gross margin falling (-4.5%)
AKTS,2035832,"Aktis Oncology, Inc.",filter1,not accelerating (0/1 qtrs)
AMRZ,2035989,Amrize Ltd,filter1,growth 9% <= 20%
OFAL,2036307,OFA Group,filter1,growth -22% <= 20%
VWAV,2038439,"VisionWave Holdings, Inc.",filter1,no YoY growth
RHLD,2039497,"Resolute Holdings Management, Inc.",filter1,gross margin falling (-24.1%)
ASIC,2040491,Ategrity Specialty Insurance Co Holdings,filter1,gross margin unavailable
RAL,2041385,Ralliant Corp,filter1,growth 13% <= 20%
PSKY,2041610,Paramount Skydance Corp,filter1,growth 1% <= 20%
WYFI,2042022,"WhiteFiber, Inc.",filter1,gross margin falling (-4.8%)
PRMB,2042694,Primo Brands Corp,filter1,growth 4% <= 20%
EVMN,2044725,"Evommune, Inc.",filter1,no YoY growth
JCAP,2046042,"Jefferson Capital, Inc. / DE",filter1,growth 16% <= 20%
MDLN,2046386,Medline Inc.,filter1,growth 12% <= 20%
AEBI,2048519,Aebi Schmidt Holding AG,filter1,not accelerating (0/1 qtrs)
TMS,2048951,Teamshares Inc,filter1,not accelerating (0/1 qtrs)
PEW,2051380,GrabAGun Digital Holdings Inc.,filter1,growth 9% <= 20%
BSAA,2051587,BEST SPAC I Acquisition Corp.,filter1,no YoY growth
MLCI,2051820,Mount Logan Capital Inc.,filter1,growth -49% <= 20%
LGN,2052568,Legence Corp.,filter1,gross margin falling (-3.5%)
LION,2052959,Lionsgate Studios Corp.,filter1,gross margin unavailable
ETS,2053641,Elite Express Holding Inc.,filter1,growth 15% <= 20%
NIQ,2054696,NIQ Global Intelligence plc,filter1,growth 8% <= 20%
KG,2055116,Kestrel Group Ltd,filter1,not accelerating (0/1 qtrs)
GEMI,2055592,"Gemini Space Station, Inc.",filter1,not accelerating (0/1 qtrs)
GLIBA,2057463,Liberty Capital Corp/NV,filter1,growth 0% <= 20%
ATTO,2058707,"Attovia Therapeutics, Inc.",filter1,no YoY growth
MMED,2062583,"MiniMed Group, Inc.",filter1,growth 17% <= 20%
NTSK,2063196,Netskope Inc,filter1,not accelerating (0/1 qtrs)
ELWT,2063863,"Elauwit Connection, Inc.",filter1,growth -46% <= 20%
FIGR,2064124,"Figure Technology Solutions, Inc.",filter1,gross margin unavailable
WBI,2064947,WaterBridge Infrastructure LLC,filter1,gross margin falling (-1.7%)
SOLS,2064953,Solstice Advanced Materials Inc.,filter1,growth 11% <= 20%
MWH,2065636,"SOLV Energy, Inc.",filter1,not accelerating (0/1 qtrs)
ANDG,2065708,Andersen Group Inc.,filter1,not accelerating (0/1 qtrs)
NP,2067129,Neptune Insurance Holdings Inc.,filter1,not accelerating (0/1 qtrs)
VSNT,2067876,"Versant Media Group, Inc.",filter1,growth -4% <= 20%
SHAZ,2068385,SharonAI Holdings Inc.,filter1,not accelerating (0/1 qtrs)
PARK,2069604,"Park Dental Partners, Inc.",filter1,growth 5% <= 20%
GLOO,2069785,"Gloo Holdings, Inc.",filter1,not accelerating (0/1 qtrs)
AIB,2070542,AIB Data Centers Inc.,filter1,growth -39% <= 20%
BLLN,2070849,"BillionToOne, Inc.",filter1,not accelerating (0/1 qtrs)
LMRI,2071288,"Lumexa Imaging Holdings, Inc.",filter1,growth 5% <= 20%
VNOM,2074176,"Viper Energy, Inc.",filter1,gross margin unavailable
BRR,2076163,"Silvia, Inc.",filter1,no YoY growth
ROC,2077709,Rank One Computing Corp,filter1,growth 2% <= 20%
VGNT,2078008,Versigent PLC,filter1,growth 11% <= 20%
LLYVA,2078416,"Liberty Live Holdings, Inc.",filter1,growth 6% <= 20%
PURR,2078856,Hyperliquid Strategies Inc,filter1,no YoY growth
BUDA,2079720,"BUDA JUICE, INC.",filter1,not accelerating (0/1 qtrs)
CDNL,2079999,Cardinal Infrastructure Group Inc.,filter1,not accelerating (0/1 qtrs)
GIW,2080019,GigCapital8 Corp.,filter1,no YoY growth
FPS,2080126,"Forgent Power Solutions, Inc.",filter1,gross margin unavailable
USDE,2080215,StableCoinX Inc.,filter1,no YoY growth
APC,2080921,ARKO Petroleum Corp.,filter1,not accelerating (0/1 qtrs)
OCTV,2083632,Octave Intelligence plc,filter1,growth -4% <= 20%
SUNB,2083785,"Sunbelt Rentals Holdings, Inc.",filter1,growth 11% <= 20%
QMLS,2084026,"QumulusAI, Inc.",filter1,not accelerating (0/1 qtrs)
ADBT,2084227,"Advasa Holdings, Inc.",filter1,not accelerating (0/1 qtrs)
BOBS,2085187,"Bob's Discount Furniture, Inc.",filter1,growth 9% <= 20%
YSS,2086587,York Space Systems Inc.,filter1,growth 10% <= 20%
STDN,2086716,"Standard Nuclear, Inc.",filter1,not accelerating (0/1 qtrs)
MFP,2088281,"Midera Food Processing, Inc.",filter1,growth 13% <= 20%
XE,2088896,"X-Energy, Inc.",filter1,not accelerating (0/1 qtrs)
HONA,2089271,Honeywell Aerospace Inc.,filter1,growth 5% <= 20%
SUNC,2089661,SunocoCorp LLC,filter1,not accelerating (0/1 qtrs)
MBGL,2090312,Mobility Global Inc.,filter1,growth 7% <= 20%
BRUN,2090646,Boost Run Inc.,filter1,not accelerating (0/1 qtrs)
SSMR,2091017,Sunshine Silver Mining & Refining Co,filter1,growth -100% <= 20%
AVAT,2092446,Avalanche Treasury Corp,filter1,no YoY growth
SWMR,2092574,"Swarmer, Inc",filter1,not accelerating (0/1 qtrs)
RNA,2093101,"Atrium Therapeutics, Inc.",filter1,growth -22% <= 20%
ARXS,2093536,"Arxis, Inc.",filter1,not accelerating (0/1 qtrs)
RMIX,2094433,"Suncrete, Inc.",filter1,not accelerating (0/1 qtrs)
AVEX,2096300,AEVEX Corp.,filter1,not accelerating (0/1 qtrs)
AIAI,2096362,AIAI Holdings Corp,filter1,no YoY growth
MAIR,2098430,Madison Air Solutions Corp,filter1,not accelerating (0/1 qtrs)
GIX,2098712,GigCapital9 Corp.,filter1,no YoY growth
BXDC,2100161,Blackstone Digital Infrastructure Trust Inc.,filter1,no YoY growth
GENB,2100782,"Generate Biomedicines, Inc.",filter1,growth -38% <= 20%
JAN,2100805,"Janus Living, Inc.",filter1,not accelerating (0/1 qtrs)
ELMT,2101698,Elmet Group Co.,filter1,not accelerating (0/1 qtrs)
NVRI,2104052,Enviri Corp,filter1,growth -41% <= 20%
ALMR,2104204,"Alamar Biosciences, Inc.",filter1,not accelerating (0/1 qtrs)
EROK,2104882,"EagleRock Land, LLC",filter1,not accelerating (0/1 qtrs)
ADIG,2105139,ADI GLOBAL DISTRIBUTION INC.,filter1,growth 1% <= 20%
CSQR,2105398,"Csquare, Inc.",filter1,growth 15% <= 20%
DPC,2107018,DPC Holdings PLC,filter1,not accelerating (0/1 qtrs)
INIO,2109150,INNIO N.V.,filter1,not accelerating (0/1 qtrs)
EROC,2110029,"ERock, Inc.",filter1,growth -42% <= 20%
QNT,2110105,Quantinuum Inc.,filter1,not accelerating (0/1 qtrs)
ITG,2110117,"ITG, Inc./DE/",filter1,not accelerating (0/1 qtrs)
GYGY,2111846,Game Your Game Inc.,filter1,growth -91% <= 20%
XOM,2115436,ExxonMobil Holdings Corp,filter1,not accelerating (0/1 qtrs)
AADX,2118195,"Applied Aerospace & Defense, Inc.",filter1,not accelerating (0/1 qtrs)
DMRC,2119322,Digimarc Corp,filter1,growth -8% <= 20%
UROY,2143673,Uranium Royalty Corp.,filter1,not accelerating (0/1 qtrs)
AMD,2488,ADVANCED MICRO DEVICES INC,universe,market cap $991.8B outside range
HWM,4281,Howmet Aerospace Inc.,universe,market cap $92.1B outside range
ADI,6281,ANALOG DEVICES INC,universe,market cap $193.0B outside range
AMAT,6951,APPLIED MATERIALS INC /DE,universe,market cap $406.3B outside range
CAT,18230,CATERPILLAR INC,universe,market cap $380.0B outside range
INTC,50863,INTEL CORP,universe,market cap $584.8B outside range
GENC,64472,GENCOR INDUSTRIES INC,universe,market cap $0.1B outside range
MVIS,65770,"MICROVISION, INC.",universe,market cap $0.0B outside range
NUE,73309,NUCOR CORP,universe,market cap $53.6B outside range
NPK,80172,NATIONAL PRESTO INDUSTRIES INC,universe,market cap $1.0B outside range
CVX,93410,CHEVRON CORP,universe,market cap $403.8B outside range
TRC,96869,TEJON RANCH CO,universe,market cap $0.4B outside range
TER,97210,"TERADYNE, INC",universe,market cap $63.0B outside range
TXN,97476,TEXAS INSTRUMENTS INC,universe,market cap $257.3B outside range
WDC,106040,WESTERN DIGITAL CORP,universe,market cap $163.5B outside range
TOMZ,314227,"TOMI Environmental Solutions, Inc.",universe,market cap $0.0B outside range
APPS,317788,"Digital Turbine, Inc.",universe,market cap $1.4B outside range
RELL,355948,"RICHARDSON ELECTRONICS, LTD.",universe,market cap $0.2B outside range
LRCX,707549,LAM RESEARCH CORP,universe,market cap $405.3B outside range
QMCO,709283,QUANTUM CORP /DE/,universe,market cap $1.3B outside range
GHM,716314,GRAHAM CORP,universe,market cap $1.0B outside range
MU,723125,MICRON TECHNOLOGY INC,universe,market cap $1202.9B outside range
NVEC,724910,NVE CORP /NEW/,universe,market cap $0.5B outside range
BELFA,729580,BEL FUSE INC /NJ,universe,market cap $0.4B outside range
AMTX,738214,"AEMETIS, INC",universe,market cap $0.1B outside range
WKC,789460,WORLD KINECT CORP,universe,market cap $1.8B outside range
ASTE,792987,ASTEC INDUSTRIES INC,universe,market cap $0.9B outside range
APH,820313,AMPHENOL CORP /DE/,universe,market cap $104.0B outside range
COHR,820318,COHERENT CORP.,universe,market cap $57.2B outside range
EZPW,876523,EZCORP INC,universe,no price / share count
QUIK,882508,QUICKLOGIC Corp,universe,market cap $0.2B outside range
CAPS,887151,Capstone Holding Corp.,universe,market cap $0.0B outside range
ROCK,912562,"GIBRALTAR INDUSTRIES, INC.",universe,market cap $1.2B outside range
ACTG,934549,ACACIA RESEARCH CORP,universe,market cap $0.4B outside range
CIEN,936395,CIENA CORP,universe,market cap $50.3B outside range
OCC,1000230,OPTICAL CABLE CORP,universe,market cap $0.1B outside range
SCCO,1001838,SOUTHERN COPPER CORP/,universe,market cap $169.0B outside range
MGLD,1005101,"Marygold Companies, Inc.",universe,market cap $0.1B outside range
VATE,1006837,INNOVATE Corp.,universe,market cap $0.1B outside range
ANIP,1023024,ANI PHARMACEUTICALS INC,universe,market cap $1.8B outside range
OLOX,1023994,OLENOX INDUSTRIES INC.,universe,market cap $0.0B outside range
VLO,1035002,VALERO ENERGY CORP/TX,universe,market cap $111.6B outside range
INTT,1036262,INTEST CORP,universe,market cap $0.1B outside range
NVDA,1045810,NVIDIA CORP,universe,market cap $5475.8B outside range
PWR,1050915,"QUANTA SERVICES, INC.",universe,market cap $98.0B outside range
NGS,1084991,NATURAL GAS SERVICES GROUP INC,universe,market cap $0.4B outside range
SWBI,1092796,"SMITH & WESSON BRANDS, INC.",universe,market cap $0.6B outside range
SAFE,1095651,Safehold Inc.,universe,excluded SIC 6798 (SPAC/REIT/fund)
AGEN,1098972,AGENUS INC,universe,market cap $0.4B outside range
QNST,1117297,"QUINSTREET, INC",universe,market cap $0.8B outside range
BWEN,1120370,"BROADWIND, INC.",universe,market cap $0.1B outside range
NXH,1130713,"NEIGHBORHOOD INTELLIGENCE, INC.",universe,market cap $0.3B outside range
STX,1137789,Seagate Technology Holdings plc,universe,market cap $207.0B outside range
COP,1163165,CONOCOPHILLIPS,universe,market cap $150.7B outside range
NEPH,1196298,NEPHROS INC,universe,market cap $0.0B outside range
TDG,1260221,TransDigm Group INC,universe,market cap $60.8B outside range
FTNT,1262039,"Fortinet, Inc.",universe,market cap $129.1B outside range
SINT,1269026,"Sintx Technologies, Inc.",universe,market cap $0.0B outside range
MPWR,1280452,"MONOLITHIC POWER SYSTEMS, INC.",universe,market cap $66.6B outside range
CHCI,1299969,"Comstock Holding Companies, Inc.",universe,market cap $0.2B outside range
PLTR,1321655,Palantir Technologies Inc.,universe,market cap $449.3B outside range
GLP,1323468,GLOBAL PARTNERS LP,universe,market cap $1.6B outside range
OOMA,1327688,OOMA INC,universe,market cap $0.6B outside range
FF,1337298,FutureFuel Corp.,universe,market cap $0.2B outside range
STUB,1337634,"StubHub Holdings, Inc.",universe,no price / share count
SNOA,1367083,"Sonoma Pharmaceuticals, Inc.",universe,market cap $0.0B outside range
MYO,1369290,"MYOMO, INC.",universe,market cap $0.1B outside range
WLDN,1370450,"Willdan Group, Inc.",universe,market cap $1.2B outside range
OPTT,1378140,"Ocean Power Technologies, Inc.",universe,market cap $0.0B outside range
AQST,1398733,"Aquestive Therapeutics, Inc.",universe,market cap $0.6B outside range
BEEM,1398805,Beam Global,universe,market cap $0.0B outside range
OESX,1409375,"ORION ENERGY SYSTEMS, INC.",universe,market cap $0.1B outside range
BNGO,1411690,"Bionano Genomics, Inc.",universe,market cap $0.0B outside range
WKHS,1425287,Workhorse Group Inc.,universe,market cap $0.0B outside range
TNXP,1430306,Tonix Pharmaceuticals Holding Corp.,universe,market cap $0.2B outside range
LEGH,1436208,Legacy Housing Corp,universe,market cap $0.7B outside range
MRAM,1438423,EVERSPIN TECHNOLOGIES INC.,universe,market cap $0.5B outside range
AGIO,1439222,"AGIOS PHARMACEUTICALS, INC.",universe,market cap $2.0B outside range
CSTL,1447362,CASTLE BIOSCIENCES INC,universe,market cap $1.1B outside range
RYZ,1481582,Ryerson Holding Corp,universe,market cap $1.2B outside range
AMBQ,1500412,"Ambiq Micro, Inc.",universe,market cap $1.6B outside range
XFOR,1501697,"X4 Pharmaceuticals, Inc",universe,market cap $0.3B outside range
MPC,1510295,Marathon Petroleum Corp,universe,market cap $110.1B outside range
IQST,1527702,iQSTEL Inc,universe,market cap $0.0B outside range
PSNL,1527753,"Personalis, Inc.",universe,market cap $1.7B outside range
SND,1529628,"Smart Sand, Inc.",universe,market cap $0.2B outside range
PBF,1534504,PBF Energy Inc.,universe,no price / share count
PSX,1534701,Phillips 66,universe,market cap $100.7B outside range
SERA,1534969,"SERA PROGNOSTICS, INC.",universe,market cap $0.1B outside range
CRWD,1535527,"CrowdStrike Holdings, Inc.",universe,market cap $269.0B outside range
SUN,1552275,Sunoco LP,universe,no price / share count
MASS,1555279,908 Devices Inc.,universe,market cap $0.5B outside range
CIIT,1557798,"Tianci International, Inc.",universe,market cap $0.0B outside range
TONX,1566610,TON Strategy Co,universe,market cap $0.2B outside range
ALOY,1567900,REALLOYS INC.,universe,market cap $0.6B outside range
EOLS,1570562,"Evolus, Inc.",universe,market cap $0.5B outside range
FIG,1579878,"Figma, Inc.",universe,no price / share count
QURE,1590560,uniQure N.V.,universe,market cap $1.5B outside range
MBUU,1590976,"MALIBU BOATS, INC.",universe,market cap $0.0B outside range
KSCP,1600983,"Knightscope, Inc.",universe,market cap $0.1B outside range
KEYS,1601046,"Keysight Technologies, Inc.",universe,market cap $61.4B outside range
HSDT,1610853,Solana Co,universe,market cap $0.2B outside range
SENS,1616543,"Senseonics Holdings, Inc.",universe,market cap $0.5B outside range
PAVM,1624326,PAVmed Inc.,universe,market cap $0.0B outside range
AHR,1632970,"American Healthcare REIT, Inc.",universe,excluded SIC 6798 (SPAC/REIT/fund)
LITE,1633978,Lumentum Holdings Inc.,universe,market cap $87.3B outside range
MCFT,1638290,"MasterCraft Boat Holdings, Inc.",universe,market cap $0.5B outside range
SNOW,1640147,Snowflake Inc.,universe,market cap $116.5B outside range
EVER,1640428,"EverQuote, Inc.",universe,no price / share count
IOT,1642896,Samsara Inc.,universe,no price / share count
TOST,1650164,"Toast, Inc.",universe,no price / share count
TEAM,1650372,Atlassian Corp,universe,no price / share count
COUR,1651562,"Coursera, Inc.",universe,market cap $1.2B outside range
GOOG,1652044,Alphabet Inc.,universe,market cap $4125.4B outside range
CRON,1656472,Cronos Group Inc.,universe,market cap $1.2B outside range
BE,1664703,Bloom Energy Corp,universe,market cap $82.8B outside range
PHUN,1665300,"Phunware, Inc.",universe,market cap $0.0B outside range
URGN,1668243,UroGen Pharma Ltd.,universe,market cap $2.0B outside range
HNGE,1673743,"Hinge Health, Inc.",universe,no price / share count
ACMR,1680062,"ACM Research, Inc.",universe,market cap $1.1B outside range
SNES,1680378,"SenesTech, Inc.",universe,market cap $0.0B outside range
WRAP,1702924,"WRAP TECHNOLOGIES, INC.",universe,market cap $0.1B outside range
ETON,1710340,"Eton Pharmaceuticals, Inc.",universe,market cap $1.7B outside range
TH,1712189,Target Hospitality Corp.,universe,market cap $1.9B outside range
AXIL,1718500,"Axil Brands, Inc.",universe,market cap $0.0B outside range
RDVT,1720116,"Red Violet, Inc.",universe,market cap $1.3B outside range
INBS,1725430,INTELLIGENT BIO SOLUTIONS INC.,universe,market cap $0.0B outside range
AVGO,1730168,Broadcom Inc.,universe,market cap $1695.1B outside range
TLRY,1731348,"Tilray Brands, Inc.",universe,market cap $0.5B outside range
GTEC,1735041,Greenland Technologies Holding Corp.,universe,market cap $0.0B outside range
HYLN,1759631,Hyliion Holdings Corp.,universe,market cap $0.7B outside range
BNKK,1760903,"BONK, INC.",universe,market cap $0.0B outside range
MEC,1766368,"Mayville Engineering Company, Inc.",universe,market cap $0.4B outside range
TRNR,1785056,"Interactive Strength, Inc.",universe,market cap $0.0B outside range
DASH,1792789,"DoorDash, Inc.",universe,no price / share count
CHYM,1795586,"Chime Financial, Inc.",universe,no price / share count
BFLY,1804176,"Butterfly Network, Inc.",universe,no price / share count
FFAI,1805521,FARADAY FUTURE INTELLIGENT ELECTRIC INC.,universe,market cap $0.0B outside range
AOUT,1808997,"American Outdoor Brands, Inc.",universe,market cap $0.2B outside range
PTRN,1811935,Pattern Group Inc.,universe,no price / share count
OWLT,1816708,"Owlet, Inc.",universe,market cap $0.2B outside range
MAX,1818383,"MediaAlpha, Inc.",universe,no price / share count
PHXE-P,1818643,"Phoenix Energy One, LLC",universe,ADV $0.3M too low
LIDR,1818644,"AEye, Inc.",universe,market cap $0.1B outside range
VELO,1825079,"Velo3D, Inc.",universe,market cap $0.3B outside range
RUM,1830081,RUM Group Inc.,universe,no price / share count
MRVL,1835632,"Marvell Technology, Inc.",universe,market cap $230.9B outside range
AISP,1842566,"Airship AI Holdings, Inc.",universe,market cap $0.1B outside range
FLYX,1843973,FLYEXCLUSIVE INC.,universe,market cap $0.1B outside range
AERT,1853044,"Aeries Technology, Inc.",universe,market cap $0.4B outside range
CBLL,1861107,"Ceribell, Inc.",universe,market cap $1.0B outside range
JTAI,1861622,Jet.AI Inc.,universe,market cap $0.0B outside range
OPTX,1866816,"SYNTEC OPTICS HOLDINGS, INC.",universe,market cap $0.3B outside range
RDZN,1868640,Roadzen Inc.,universe,market cap $0.1B outside range
CYN,1874097,Cyngn Inc.,universe,market cap $0.0B outside range
SATL,1874315,Satellogic Inc.,universe,no price / share count
HOUR,1874875,"Hour Loop, Inc",universe,market cap $0.1B outside range
MNTN,1891027,"MNTN, Inc.",universe,market cap $0.2B outside range
LVWR,1898795,"LiveWire Group, Inc.",universe,market cap $0.3B outside range
AIRO,1927958,"AIRO Group Holdings, Inc.",universe,market cap $0.2B outside range
NRXS,1933567,"Neuraxis, INC",universe,market cap $0.1B outside range
SVCO,1943289,"Silvaco Group, Inc.",universe,market cap $0.3B outside range
SXTP,1946563,"60 DEGREES PHARMACEUTICALS, INC.",universe,market cap $0.0B outside range
GEV,1996810,GE Vernova Inc.,universe,market cap $256.3B outside range
SPAI,2011208,Safe Pro Group Inc.,universe,market cap $0.1B outside range
AVR,2011514,Anteris Technologies Global Corp.,universe,market cap $0.7B outside range
SNDK,2023554,Sandisk Corp,universe,market cap $253.3B outside range
NXB,2067767,NextBoat Inc.,universe,market cap $0.1B outside range
BRCB,2068577,"Black Rock Coffee Bar, Inc.",universe,no price / share count
ATRO,8063,ASTRONICS CORP,filter2,attention too high (pct 41%)
COHU,21535,COHU INC,filter2,attention too high (pct 53%)
CMC,22444,COMMERCIAL METALS Co,filter2,attention too high (pct 41%)
HEI,46619,HEICO CORP,filter2,attention too high (pct 58%)
HNI,48287,HNI CORP,filter2,attention too high (pct 60%)
KMT,55242,KENNAMETAL INC,filter2,attention too high (pct 51%)
DY,67215,DYCOM INDUSTRIES INC,filter2,attention too high (pct 56%)
AGX,100591,ARGAN INC,filter2,attention too high (pct 63%)
WDFC,105132,WD 40 CO,filter2,attention too high (pct 49%)
ITT,216228,ITT INC.,filter2,attention too high (pct 51%)
ONTO,704532,ONTO INNOVATION INC.,filter2,attention too high (pct 43%)
PLXS,785786,PLEXUS CORP,filter2,attention too high (pct 69%)
KALU,811596,KAISER ALUMINUM CORP,filter2,attention too high (pct 41%)
PARR,821483,"PAR PACIFIC HOLDINGS, INC.",filter2,attention too high (pct 57%)
MCHP,827054,MICROCHIP TECHNOLOGY INC,filter2,attention too high (pct 45%)
LSCC,855658,LATTICE SEMICONDUCTOR CORP,filter2,attention too high (pct 44%)
STRL,874238,"STERLING INFRASTRUCTURE, INC.",filter2,attention too high (pct 42%)
ZBRA,877212,ZEBRA TECHNOLOGIES CORP,filter2,attention too high (pct 50%)
SM,893538,SM Energy Co,filter2,attention too high (pct 50%)
NBIX,914475,NEUROCRINE BIOSCIENCES INC,filter2,attention too high (pct 55%)
ALB,915913,ALBEMARLE CORP,filter2,attention too high (pct 92%)
AEIS,927003,ADVANCED ENERGY INDUSTRIES INC,filter2,attention too high (pct 72%)
CLS,1030894,CELESTICA INC,filter2,attention too high (pct 60%)
AEHR,1040470,AEHR TEST SYSTEMS,filter2,attention too high (pct 62%)
AMKR,1047127,"AMKOR TECHNOLOGY, INC.",filter2,attention too high (pct 42%)
IESC,1048268,"IES Holdings, Inc.",filter2,attention too high (pct 48%)
MKSI,1049502,MKS INC,filter2,attention too high (pct 53%)
AXTI,1051627,AXT INC,filter2,attention too high (pct 49%)
KTOS,1069258,"KRATOS DEFENSE & SECURITY SOLUTIONS, INC.",filter2,attention too high (pct 87%)
BB,1070235,BLACKBERRY Ltd,filter2,attention too high (pct 51%)
CORT,1088856,CORCEPT THERAPEUTICS INC,filter2,attention too high (pct 54%)
INSM,1104506,INSMED Inc,filter2,attention too high (pct 71%)
AAOI,1158114,"APPLIED OPTOELECTRONICS, INC.",filter2,attention too high (pct 50%)
GKOS,1192448,GLAUKOS Corp,filter2,attention too high (pct 69%)
UCTT,1275014,"Ultra Clean Holdings, Inc.",filter2,attention too high (pct 59%)
MXL,1288469,"MAXLINEAR, INC",filter2,attention too high (pct 56%)
UUUU,1385849,ENERGY FUELS INC,filter2,attention too high (pct 59%)
FN,1408710,Fabrinet,filter2,attention too high (pct 48%)
IOVA,1425205,"IOVANCE BIOTHERAPEUTICS, INC.",filter2,attention too high (pct 48%)
ROKU,1428439,"ROKU, INC",filter2,attention too high (pct 85%)
MDB,1441816,"MongoDB, Inc.",filter2,attention too high (pct 96%)
TWLO,1447669,TWILIO INC,filter2,attention too high (pct 69%)
SITM,1451809,SITIME Corp,filter2,attention too high (pct 53%)
HTFL,1464521,"Heartflow, Inc.",filter2,attention too high (pct 43%)
COCO,1482981,"Vita Coco Company, Inc.",filter2,attention too high (pct 58%)
FSLY,1517413,"Fastly, Inc.",filter2,attention too high (pct 79%)
ENVA,1529864,"Enova International, Inc.",filter2,attention too high (pct 61%)
GH,1576280,"Guardant Health, Inc.",filter2,attention too high (pct 50%)
LIF,1581760,"Life360, Inc.",filter2,attention too high (pct 75%)
PENG,1616533,"Penguin Solutions, Inc.",filter2,attention too high (pct 67%)
ONDS,1646188,Ondas Inc.,filter2,attention too high (pct 70%)
ICHR,1652535,"ICHOR HOLDINGS, LTD.",filter2,attention too high (pct 70%)
VVV,1674910,VALVOLINE INC,filter2,attention too high (pct 51%)
AA,1675149,Alcoa Corp,filter2,attention too high (pct 58%)
KNTK,1692787,Kinetik Holdings Inc.,filter2,attention too high (pct 53%)
KGS,1767042,"Kodiak Gas Services, Inc.",filter2,attention too high (pct 64%)
RSI,1793659,"Rush Street Interactive, Inc.",filter2,attention too high (pct 57%)
FROG,1800667,JFrog Ltd,filter2,attention too high (pct 70%)
MP,1801368,MP Materials Corp. / DE,filter2,attention too high (pct 81%)
HRMY,1802665,"Harmony Biosciences Holdings, Inc.",filter2,attention too high (pct 93%)
KYMR,1815442,"Kymera Therapeutics, Inc.",filter2,attention too high (pct 88%)
SOFI,1818874,"SoFi Technologies, Inc.",filter2,attention too high (pct 81%)
RDW,1819810,Redwire Corp,filter2,attention too high (pct 59%)
RKLB,1819994,Rocket Lab Corp,filter2,attention too high (pct 72%)
BMNR,1829311,"BITMINE IMMERSION TECHNOLOGIES, INC.",filter2,attention too high (pct 40%)
PL,1836833,Planet Labs PBC,filter2,attention too high (pct 55%)
RGTI,1838359,"Rigetti Computing, Inc.",filter2,attention too high (pct 70%)
CORZ,1839341,"Core Scientific, Inc./tx",filter2,attention too high (pct 92%)
BROS,1866581,Dutch Bros Inc.,filter2,attention too high (pct 74%)
RIVN,1874178,"Rivian Automotive, Inc. / DE",filter2,attention too high (pct 83%)
DINO,1915657,HF Sinclair Corp,filter2,attention too high (pct 47%)
KRMN,2040127,Karman Holdings Inc.,filter2,attention too high (pct 48%)
Q,2058873,"Qnity Electronics, Inc.",filter2,attention too high (pct 41%)
AIR,1750,AAR CORP,filter3,residual not top 30%
ARW,7536,"ARROW ELECTRONICS, INC.",filter3,R2 0.41 >= 0.35
AVT,8858,AVNET INC,filter3,R2 0.37 >= 0.35
DIOD,29002,DIODES INC /DEL/,filter3,recent residual not positive
KLIC,56978,KULICKE & SOFFA INDUSTRIES INC,filter3,recent residual not positive
PLPC,80035,PREFORMED LINE PRODUCTS CO,filter3,R2 0.43 >= 0.35
SPXC,88205,"SPX Technologies, Inc.",filter3,recent residual not positive
JEF,96223,Jefferies Financial Group Inc.,filter3,recent residual not positive
MYRG,700923,MYR GROUP INC.,filter3,recent residual not positive
JOE,745308,ST JOE Co,filter3,recent residual not positive
FCFS,840489,"FirstCash Holdings, Inc.",filter3,residual not top 30%
DGII,854775,DIGI INTERNATIONAL INC,filter3,trend not new (prior residual +39%)
FLEX,866374,FLEX LTD.,filter3,recent residual not positive
VIAV,912093,VIAVI SOLUTIONS INC.,filter3,residual not top 30%
STLD,1022671,STEEL DYNAMICS INC,filter3,trend not new (prior residual +15%)
FORM,1039399,FORMFACTOR INC,filter3,residual not top 30%
TTMI,1116942,TTM TECHNOLOGIES INC,filter3,recent residual not positive
SNX,1177394,TD SYNNEX CORP,filter3,trend not new (prior residual +29%)
MTSI,1493594,"MACOM Technology Solutions Holdings, Inc.",filter3,recent residual not positive
CSTM,1563411,CONSTELLIUM SE,filter3,recent residual not positive
TWST,1581280,Twist Bioscience Corp,filter3,R2 0.35 >= 0.35
WMS,1604028,"ADVANCED DRAINAGE SYSTEMS, INC.",filter3,recent residual not positive
CSW,1624794,"CSW INDUSTRIALS, INC.",filter3,residual not top 30%
HCC,1691303,"WARRIOR MET COAL, INC.",filter3,recent residual not positive
NVT,1720635,nVent Electric plc,filter3,residual not top 30%
CR,1944013,Crane Co,filter3,R2 0.52 >= 0.35
LOAR,2000178,Loar Holdings Inc.,filter3,recent residual not positive
ECG,2015845,"Everus Construction Group, Inc.",filter3,recent residual not positive
